"","id","lifespan","sum_degree","sum_strength","sum_eigen","mean_mat","mean_matSize","mean_HRO","mean_N","mean_E","matriline","LRS","LBS","mean.grp.size","matSize"
"1","AGA84",8,142,36.8976208378621,0.0403651035840981,1.5,75,0.288881993234653,8034.03576167905,1389.84862562172,"168",0,1,6.02127659574468,4
"2","ALB93",5,125,23.528904764425,0.0817657415826657,20.3333333333333,73.3333333333333,0.519154021834939,8041.94102626385,1377.90173120617,"153",0,3,11.0735294117647,54.5
"3","ALB94",8,242,56.6667750700542,0.234153267521989,19.5,72.5,0.526743597047465,8043.62022282579,1377.33439243675,"153",1,3,13.9186046511628,55
"4","ANK89",14,714,102.793754634352,1.01492929061589,24.7272727272727,71.0909090909091,0.636462699126817,8043.64434899511,1369.65122192346,"144",5,9,NA,37.9
"5","ANK90",12,849,112.345970312349,1.34823767680914,24.5,70.8,0.679259337294692,8041.84297481963,1368.16517763171,"144",3,5,NA,50.3333333333333
"6","ANK91",8,397,49.9873370629349,0.574278410556579,25.3333333333333,72.5,0.668447391135731,8041.67863189411,1367.90270427344,"144",2,5,9.52976190476191,47.8333333333333
"7","ANM02",13,667,100.843718275105,1.00220216531531,15.1818181818182,71.1111111111111,0.577602271251536,8044.17657301617,1374.80358947278,"144",1,6,11.1627408993576,32
"8","APR74",7,383,39.5890162430268,0.418648484175863,3.66666666666667,75,0.565248347764126,8026.44242146933,1360.38271339405,"122",2,2,13.75,11.6666666666667
"9","APR75",14,135,17.0387163744965,0.0910869920921009,3.5,75,0.508766572813465,8016.59076963573,1364.08636070287,"122",0,5,7.51612903225806,9.66666666666667
"10","ARA11",7,455,58.8858791793237,1.98900619141418,21.8,62.8,0.719333485535256,8040.10069500999,1366.41539406336,"147",1,2,14.8848167539267,102
"11","ARI96",5,162,24.717110644156,0.170931125209472,22.6666666666667,73.6666666666667,0.367682499518642,8005.54137877464,1363.87818657617,"132",1,2,13.6923076923077,54.3333333333333
"12","ASP78",12,1098,235.323001753957,1.61983452407935,15.1111111111111,72.75,0.550889785308028,8043.98854400726,1375.16802196364,"151",1,3,9.68478260869565,50.25
"13","AST90",11,625,94.2125936634495,0.68413106762158,24.5555555555556,71.1111111111111,0.608854331372801,8044.41541853537,1371.34088940703,"144",2,5,9.88888888888889,51.5
"14","ATH87",15,1094,181.659162988064,2.32932527973352,24.5384615384615,73.5,0.512310334596116,8013.99679153312,1363.35485619552,"132",5,7,14.8284789644013,46.125
"15","AVO89",15,1104,206.360984084199,7.84831593087468,29.4166666666667,72,0.616135776495522,8037.8948838126,1358.53570461673,"143",6,7,NA,65.5
"16","AVO90",14,1227,218.880646697369,8.18594046725648,29.4166666666667,72,0.625448738327307,8038.23075809247,1359.45083169228,"143",3,9,20.0473684210526,61
"17","BAC98",9,471,76.819883931889,0.757962811887127,25.4285714285714,70.1666666666667,0.603593962098317,8044.19750341409,1372.7694839027,"144",3,5,11.1841155234657,43.5
"18","BAR79",13,1361,251.441689883968,2.0849509194038,16.6363636363636,73.3,0.550212971215423,8045.379559532,1372.06426106125,"155",3,8,NA,22.7777777777778
"19","BAR80",13,1124,254.85427959922,1.64363521919373,16.8,73.1111111111111,0.520623986108524,8044.58420690671,1375.4258416519,"155",4,9,10.8934426229508,21.5
"20","BAR83",12,1111,230.101052024414,1.40657522757335,15,72.5,0.528341889700084,8043.78318672308,1376.39222712388,"155",4,6,NA,25
"21","BAR84",11,924,189.210213150104,1.11547328099447,15.625,73.1666666666667,0.543048170406526,8044.45634817762,1374.623360032,"155",0,6,NA,26.2857142857143
"22","BCL84",9,1108,312.127574122623,5.13930852130253,17.4285714285714,71.7142857142857,0.545543483106528,8038.38478357613,1359.46732146626,"144",0,3,15.2830188679245,72.5
"23","BCL87",6,542,157.564394874917,2.56192252221321,18.25,71.5,0.533740001206042,8037.62724128998,1358.483345096,"144",0,1,14.6091954022988,122.5
"24","BCL93",15,1287,235.577011988297,9.53569682235154,25.8461538461538,70.6666666666667,0.626813130085373,8038.12632374684,1359.08143296539,"144",5,11,NA,36.75
"25","BCL95",10,752,138.526695912207,5.24526617026883,28.4285714285714,71.1428571428571,0.628983273160476,8038.40650286219,1359.01423544638,"144",2,3,NA,57.5
"26","BCL96",12,963,180.282284731775,7.26674498456086,26.1111111111111,70,0.639537076822749,8038.43035672767,1358.97976398416,"144",3,5,NA,44.1666666666667
"27","BEA00",16,428,50.237074767978,0.214813119133665,3.78571428571429,74.1111111111111,0.416976181279971,8036.77354417673,1383.03637765869,"155",0,8,8.55757575757576,14.2222222222222
"28","BET73",13,1880,344.018932317529,5.22037176811255,10.9090909090909,74,0.701011626907253,8038.27939422544,1367.60701770153,"147",2,7,11.9011764705882,79.75
"29","BIE01",12,675,155.613062650585,8.4456648151902,7.9,74.5,0.590747796026134,8040.88839138266,1357.29273751152,"142",1,7,25.1666666666667,13.125
"30","BIE97",13,862,189.254231329016,8.81571280091806,7.90909090909091,73.8,0.597991511600397,8039.46661907334,1357.26289787743,"142",3,6,NA,13.2857142857143
"31","BIG76",12,1205,256.548896921036,1.48126310851625,1.7,74,0.557953189768334,8042.68957806331,1377.07393774811,"154",4,8,11.5675675675676,1.77777777777778
"32","BIGHE",12,1121,477.407619603828,2.84247792276377,1.57142857142857,74.5,0.617394465087806,8042.81641166241,1376.90801791392,"154",2,7,NA,2.75
"33","BIL84",16,1585,279.602621868625,2.82401282640792,2.14285714285714,74.875,0.625455479186796,8043.00148427543,1370.08400279995,"150",3,9,NA,2.2
"34","BIT01",8,424,48.8926521864799,1.44956229593197,41.2,71,0.678140182175024,8029.89343151038,1360.93815348265,"143",2,4,25.7042253521127,100.8
"35","BLO72",18,1424,393.968949451739,1.70793358854854,5.33333333333333,74.7272727272727,0.494643619385218,8039.50003248919,1382.25626967915,"156",2,12,NA,7.30769230769231
"36","BLO75",17,1339,243.215749108574,0.869721922617543,5.6,74.6363636363636,0.443912961730082,8039.48869380399,1383.37595539969,"156",3,8,6.71531100478469,9.33333333333333
"37","BLO80",7,397,72.9452949958454,0.306887743046958,6.6,74.75,0.428642642662675,8038.91344753693,1383.86589566019,"156",1,3,5.81147540983607,15.75
"38","BLOSS",19,1294,472.60432284949,2.45158704641419,5,74.7142857142857,0.542259639254485,8040.4346019776,1380.68794305283,"156",5,10,NA,6
"39","BLT68",13,1265,447.100842660995,3.22572712042918,11,74,0.691239748166721,8041.99919394769,1370.07127348325,"147",4,7,NA,74.375
"40","BLT69",16,1931,585.044937213571,4.9061921804564,10.6363636363636,74.1666666666667,0.708604928305868,8040.46412859835,1369.4961810832,"147",6,11,NA,51.5833333333333
"41","BLT73",10,1256,195.597174029699,2.03933104841686,11.375,74,0.65899262092308,8042.83407476592,1369.82789899772,"147",1,3,NA,149.5
"42","BLT75",17,2374,426.675211002171,4.55990398693552,11.8,74,0.613903821489901,8042.7626443252,1369.88417233467,"147",4,12,NA,49.6923076923077
"43","BLTLE",18,600,380.361740412198,2.24600035665447,9.75,NA,0.734408391906679,8040.40408131974,1370.42441615007,"147",7,9,NA,58.6
"44","BNX93",18,836,212.997578364974,1.24145471799336,18.9333333333333,72.7333333333333,0.496786080110832,8042.75280374433,1377.95641192684,"153",3,7,15.1740614334471,39.625
"45","BNX94",14,568,136.334944126978,0.694583445565047,19.3636363636364,72.8181818181818,0.496436000714456,8042.38745651197,1378.50501321653,"153",3,8,13.8112244897959,35.1111111111111
"46","BNX95",16,727,170.183439416599,1.04560088643043,18.8461538461538,72.6153846153846,0.504139519447694,8042.23673654395,1378.42934022267,"153",4,5,13.9576107899807,38.6666666666667
"47","BOT79",13,951,158.568419320435,0.78425917148857,2.90909090909091,74.4,0.541449448916591,8038.8604750306,1378.31149666523,"157",3,5,10.5037313432836,5.16666666666667
"48","BR274",14,2128,433.583152121106,7.3212224897793,10.6363636363636,73.7777777777778,0.671177500026221,8034.63653288321,1362.87434222857,"141",1,7,NA,13.75
"49","BRA72",11,1507,270.313955692147,2.10141386070234,9.5,73.8333333333333,0.509515373265762,8017.48081236625,1363.07562662613,"106",3,4,NA,14.6
"50","BRA77",11,211,25.0588632654752,0.146976609804987,9.66666666666667,73.5,0.401460490210194,8012.73429834655,1361.64930915054,"106",1,6,5.53571428571429,11.7142857142857
"51","BRF79",14,1968,408.116968401046,6.04265291520753,3.25,75,0.577369434575437,8029.76039901869,1362.90829942327,"135",4,8,NA,7
"52","BRO66",15,1447,527.792621859847,4.4904391384056,11.125,73.6666666666667,0.711420824895758,8039.53705348637,1366.57952415979,"141",6,9,NA,8.3
"53","BRO70",12,1652,574.790110004124,5.95087437201182,11.1111111111111,73.8571428571429,0.682437602906802,8036.12746327959,1362.57951186042,"141",1,6,NA,15.2857142857143
"54","BST73",10,1471,371.060798283568,6.21494736010929,4.75,74.8,0.665079812163482,8036.26085370784,1363.03178201153,"139",3,4,NA,17.6
"55","BSY04",6,251,27.9677856155763,0.584203977260052,59,68,0.608681804168441,8021.90887596453,1363.20336409451,"147",1,2,20.4576271186441,145.666666666667
"56","BUC81",0,1597,417.781795280555,8.36894068801461,18.0909090909091,72,0.558335968599713,8038.05842620668,1359.09117266772,"144",8,11,NA,29.8333333333333
"57","BUC82",18,1790,341.460254522621,3.3663604546582,20.4,72.0666666666667,0.60846817392862,8043.4559337577,1370.42291059785,"144",2,12,NA,27.3076923076923
"58","BUL65",15,829,409.649582113479,2.68180035253918,9.8,74.25,0.677705647592173,8043.4076500079,1370.46779499673,"144",2,7,NA,46.25
"59","BUL70",14,1760,585.567324590641,4.54031243134869,12.3,74,0.636260105104716,8043.34138633368,1369.54755365781,"144",2,8,NA,43.1111111111111
"60","BUL71",15,2008,627.534094661288,5.44480098523318,13.0833333333333,73.6363636363636,0.654827411780751,8042.83848820585,1368.72783515443,"144",4,12,NA,31.3076923076923
"61","BUL73",16,2231,402.821168433242,4.56350354971641,14.5714285714286,72.9230769230769,0.633811106778071,8042.70241656142,1369.26088440459,"144",5,11,NA,32.4166666666667
"62","BULGY",15,449,349.28735709105,1.92309850218597,8,74,0.699820329597118,8042.23317158115,1370.49204013537,"144",6,8,NA,39.2222222222222
"63","BUM06",6,183,27.2655913332412,0.441328913054372,53.75,68.5,0.697056018426709,8041.64313523634,1367.27413931325,"147",1,2,10.5503875968992,136
"64","BUT06",6,231,44.6760922498172,2.80234432137345,13.75,73.5,0.592784756712059,8040.72222362949,1357.63995507686,"144",0,2,27.3809523809524,40.6666666666667
"65","BUT96",12,1059,165.132354823254,6.04819931952757,25.3,69.8888888888889,0.667725922329018,8035.72738675176,1360.78468887854,"144",3,8,NA,37.4444444444444
"66","BUT98",7,433,77.4246243155687,3.20594808010743,26.4,69.8,0.612728424764305,8038.1814353663,1357.59682189202,"144",0,1,NA,77.5
"67","CAF96",4,65,10.9133980309939,0.0297145773742021,21,72,0.314312161473588,8007.4903661943,1362.58527468997,"130",1,1,11.1111111111111,82.5
"68","CAILL",20,617,375.722615749511,2.301010878801,3.5,75,0.607697670703043,8029.8145246536,1363.22937521267,"128",4,7,NA,1.75
"69","CAL82",13,1636,436.016290642288,8.2655923691395,4.09090909090909,73.75,0.629335840686121,8036.65554424542,1362.72082775107,"139",4,6,21.5217391304348,11.5714285714286
"70","CAL84",16,1915,421.052390140813,9.03724580573303,5.07692307692308,73.8,0.654845915624799,8037.13153005884,1363.3258004312,"139",3,9,NA,8.4
"71","CAN80",11,701,102.711728656012,0.508598875050795,24.5555555555556,72.5,0.244829772570962,8001.99661418159,1372.67947311185,"132",1,5,4.55194805194805,45.3333333333333
"72","CAN82",10,722,101.661353363351,0.638654027276104,26.7142857142857,72,0.322945070479588,8004.9242949116,1369.98638405502,"132",1,3,5.36283185840708,60.75
"73","CAN83",6,175,20.2962811293666,0.109279068736006,23.5,71,0.354733190986749,8007.14676154925,1372.15712802589,"132",0,1,5.32258064516129,91
"74","CAN87",7,193,32.8392391080762,0.11424039677968,25,72.3333333333333,0.239219336551879,8001.27689461784,1372.04586365796,"132",1,2,NA,63.3333333333333
"75","CAP84",15,1798,406.396891175648,8.42989485838464,14,73.5,0.652994176043278,8036.98184040826,1363.25486193554,"140",3,8,NA,26.3333333333333
"76","CCO87",14,1299,291.67978734842,7.81350983506788,5.41666666666667,74.2,0.597293642468466,8038.54186054766,1358.84999388208,"142",3,8,14.5258620689655,13.3333333333333
"77","CEL95",3,47,4.89350174640569,0.0445482124262596,31,71,0.677002381281357,8042.62857355503,1369.61971536232,"144",0,1,16.8333333333333,101
"78","CFI94",15,1075,219.079651464869,9.07560117465759,7.63636363636364,74,0.602675316787779,8039.05372118212,1357.6820121358,"142",4,9,NA,13.4
"79","CFU82",13,1443,381.495602141935,6.98525648635521,4.9,74.8,0.565138549364065,8037.07822466031,1359.31485142021,"142",1,6,NA,15.1428571428571
"80","CGH00",10,817,122.459282935551,5.08261971950729,40.25,70.875,0.704649581998728,8036.13740024755,1361.81594280994,"143",2,5,23.7161290322581,93.1666666666667
"81","CGH94",16,1424,238.425658484177,8.859018738236,38,70.7692307692308,0.697692031925288,8035.65986341087,1362.35424663322,"143",4,7,24.6380952380952,74.75
"82","CGH95",14,1269,214.745399081489,7.92230037895588,37.9166666666667,71,0.69623339642299,8035.08346345306,1362.66003631994,"143",2,5,NA,84
"83","CHD05",12,593,137.572947086507,7.6890884018276,5.88888888888889,74.3333333333333,0.597272924597639,8040.27524583966,1357.29709964074,"142",0,6,24.3890784982935,14
"84","CHE73",9,1188,187.34123472292,2.53748695257912,11.7142857142857,73.75,0.714236056921552,8036.35230205624,1369.38285727532,"147",1,3,13.4375,150
"85","CHE80",13,1641,319.7546345934,3.66410683386608,11.8181818181818,73.4444444444444,0.622893549476427,8041.74812831373,1369.39225176923,"147",3,6,11.2116991643454,84.1428571428571
"86","CHK07",10,551,73.1111994194542,2.86768346781296,42.1428571428571,67,0.679331120555624,8036.32398960364,1360.7199388247,"147",2,3,29.5769230769231,108.75
"87","CHN03",15,699,99.8141044541564,1.65592607471675,14.9230769230769,73.25,0.467131444813203,8016.41080925414,1363.37753366407,"138",3,9,12.6377245508982,26.4
"88","CHO73",15,1083,194.155949728574,0.902252637313679,5.5,75,0.527493314233208,8039.73356245528,1381.00963429121,"158",5,8,7.42784810126582,10.8888888888889
"89","CHO75",11,976,180.995068474236,0.963076318029479,5.66666666666667,75,0.578303185732426,8041.07980824201,1377.35559743291,"158",3,5,10.0861538461538,15.1666666666667
"90","CHOCH",16,553,335.527334730251,1.9009380689614,3.75,75,0.625048584254875,8040.35559999618,1377.49067370507,"158",6,9,NA,7.6
"91","CHP94",10,407,58.7459212228957,0.346021184607714,2.14285714285714,74.5,0.494976661946607,8036.2158794207,1381.6044306707,"156",2,5,12.6217948717949,8.5
"92","CIN76",12,1754,411.380164606602,7.12458250644447,4.8,74,0.63654282015868,8036.59962725926,1363.31435973813,"139",1,3,NA,20.75
"93","CIN78",10,1229,319.687806976721,5.93396495810324,4.85714285714286,74.5,0.611359223930334,8035.65363455717,1362.42755581243,"139",4,4,NA,16.4
"94","CLA85",14,1564,380.520927030493,8.64770684607982,7.41666666666667,74.7142857142857,0.660189153521818,8036.27509245448,1363.3756451824,"137",3,8,21.7673796791444,14.3333333333333
"95","CLA87",6,512,135.144493155145,2.01141256279861,5.75,74,0.642027379654562,8038.32820522846,1363.40313407436,"137",1,2,22.04,36.3333333333333
"96","CLC75",11,599,72.6538374434418,0.719279874292684,17,74.5,0.588217554200503,8019.11735980078,1362.5511231784,"130",3,6,13.8295454545455,47.4285714285714
"97","CLC78",6,319,50.2274195596265,0.282943361949328,21.5,73.25,0.413951681439293,8008.27121498712,1361.76085491738,"130",0,2,8.76470588235294,93.6666666666667
"98","CLC80",13,730,128.671677508739,0.520964552731637,20.4,72.3333333333333,0.261624333882865,8001.85421443248,1363.60678613482,"130",5,6,6.29220779220779,48.7142857142857
"99","CLC82",7,362,61.478737647037,0.305135775956458,20.75,70.6666666666667,0.26957019183221,8003.91779290884,1364.30909157097,"130",0,3,6.85483870967742,74.5
"100","CLE74",12,1801,413.69156234,7.17841512526245,8.4,74.6666666666667,0.664145798206834,8035.70069986194,1363.16268882407,"137",4,6,NA,22.7142857142857
"101","CLE75",12,1816,418.657430699727,7.24940176470275,8.6,74.5714285714286,0.664224689112245,8036.35513055066,1364.08558366349,"137",3,4,NA,29.4
"102","CLE76",11,1567,386.882294233511,6.82757127455064,8.77777777777778,74.5714285714286,0.651177977517275,8036.50534755481,1363.4277383982,"137",2,4,21.2861271676301,29.8
"103","CLE77",13,1920,482.960862626406,8.17762851883723,8.63636363636364,74.625,0.64486704897781,8036.56712081668,1363.19266800015,"137",2,6,19.6261904761905,22.4285714285714
"104","CLEOP",18,901,429.625629543793,3.35529749534033,5.2,NA,0.711169282729079,8035.81663419058,1364.80560153199,"137",7,11,NA,12.3333333333333
"105","CLO96",16,1122,155.160623363924,1.99124843566131,49.5384615384615,70.4615384615385,0.674207003333628,8042.7640990744,1370.24849513768,"147",0,8,14.7366336633663,75.6666666666667
"106","CLT97",15,1012,196.339047142624,9.30283259367478,7.83333333333333,73.8,0.624599681490319,8039.77827739573,1358.57677362477,"142",2,9,NA,11.4
"107","CMO77",13,1058,268.350164063967,4.57589010989418,4.83333333333333,75,0.549760351491516,8037.41353448283,1359.05528901077,"142",3,6,NA,13.7142857142857
"108","CMO78",13,1059,262.412821804512,4.47818197030621,4.83333333333333,75,0.554699803957319,8037.75663815642,1359.11188171848,"142",3,6,14.2654867256637,13.4285714285714
"109","CMR05",10,242,60.9543481597104,3.82101320110713,7,74.4,0.599394733633263,8040.43530644516,1358.02468697451,"142",0,3,28.495652173913,14.75
"110","CND04",11,767,96.8180329068496,3.411763137498,14.6666666666667,73.875,0.67602120406914,8031.44657278004,1363.37456421273,"140",2,6,19.5586206896552,29.1428571428571
"111","COC72",13,537,64.3973734046318,0.481092082726376,5.14285714285714,75,0.464118573918961,8015.1298175085,1363.5680202828,"120",0,5,NA,6.33333333333333
"112","COC75",11,264,33.9723375244182,0.242687588173458,4,74,0.57543724292132,8021.52326811407,1360.94423726157,"120",1,5,9.71428571428571,7.66666666666667
"113","COC76",10,66,9.08978492919834,0.0376417330640212,6,NA,0.291095425354165,8009.67966571799,1361.35052125098,"120",1,3,8.80952380952381,8.75
"114","COCKL",16,386,43.8578433841322,0.274011399021988,5.4,75,0.511085086420742,8016.67900899982,1361.68542522435,"120",4,8,NA,3.22222222222222
"115","COI77",11,265,50.4229974788547,0.116211748489137,1.66666666666667,74,0.418004567070381,8036.50744738163,1384.57006271398,"162",0,4,5.01234567901235,4.2
"116","COINH",14,196,30.3491803153881,0.084093109214108,2,NA,0.507150226618633,8036.4317244465,1382.82730494971,"162",1,5,5.83928571428571,2.83333333333333
"117","COL72",20,2293,430.370117490304,2.90529854744626,17.5882352941176,72.9166666666667,0.440325391754939,8011.11541902763,1364.06222927616,"130",6,14,NA,22.7333333333333
"118","COL74",15,1062,142.334145172661,1.54519575727955,17.625,71.8,0.527782539764139,8016.66697449691,1364.36934650004,"130",4,10,11.6165803108808,31.3636363636364
"119","COL75",4,366,47.7187563439793,0.58703630987851,14,74,0.649169604467505,8025.8979217725,1363.09429648132,"130",2,2,NA,96.3333333333333
"120","COL78",8,991,226.049771774897,4.11366190054487,21.1666666666667,72,0.642816379081146,8033.93437086042,1362.78312981181,"130",1,3,18.9850746268657,77
"121","COL79",10,1350,293.624320774674,5.00761597016387,20.25,71.7142857142857,0.64350121970936,8031.50574531356,1362.95789966747,"130",2,5,20.4301886792453,55.5
"122","COL80",17,2145,555.130754184726,11.556057725326,21,72.4615384615385,0.632327523073427,8035.57527518765,1363.3180640397,"130",5,11,NA,31
"123","COLLE",14,1828,633.130065155491,6.2742511736086,14.3,73.8,0.666692083496559,8031.63840455439,1363.06427540894,"130",8,9,NA,29.8
"124","COT78",4,103,9.94642604626991,0.0738979328453551,22,75,0.517382017862496,8011.24090340075,1364.73249849721,"130",1,1,4.86666666666667,135.5
"125","COY75",6,577,70.1177669416472,0.501059539531855,2.25,75,0.46040835499698,8012.82053478935,1363.650683001,"103",2,2,7.9327731092437,2.66666666666667
"126","CRA81",5,271,55.9064022945742,0.413446544296946,2,74,0.490905527517852,8042.5744459093,1379.33796754198,"154",0,1,11.7903225806452,3.5
"127","CRB95",16,593,75.9334123487014,0.374329653801002,2.69230769230769,74.75,0.455092637974815,8037.86545138486,1383.29353883948,"158",2,8,10.8340248962656,10.7777777777778
"128","CRB97",9,230,35.388255484448,0.168480612061068,2.2,74,0.482062466525462,8040.41591915626,1381.58838763781,"158",0,1,13.5263157894737,18.5
"129","CRO90",9,672,136.425595073295,5.13055719334679,15.8571428571429,73.2,0.668067212426396,8035.59832708472,1362.71184111451,"138",3,4,22.8954545454545,47.8
"130","CROTT",16,1551,596.706900109899,6.01931441560266,6.75,75,0.670421792139243,8034.44894989539,1362.57938248164,"138",5,10,NA,23.3636363636364
"131","CRT71",8,1091,475.371642242885,4.38608309833922,6,75,0.672157300980786,8033.21295699167,1363.16040339016,"138",2,5,NA,42.8333333333333
"132","CRT74",12,1668,351.385279486808,5.72622295594387,9.11111111111111,75,0.655336820391548,8032.12943444211,1362.79175571869,"138",3,5,NA,44
"133","CRT76",17,2549,616.010939957095,9.57473586403117,11.9285714285714,74.8333333333333,0.619884007615025,8031.87143954572,1361.4047990124,"138",4,10,NA,24.8181818181818
"134","CSK98",7,273,44.9421309947937,0.443108027941573,26.4,69.8,0.617453169325953,8043.2823793804,1371.18190421185,"144",0,2,10.5189873417722,63.6666666666667
"135","CUC84",13,1479,417.969352459232,9.0006310400453,13.8181818181818,73.3333333333333,0.620476581478025,8035.47460247182,1362.60619246598,"140",0,5,NA,32.3333333333333
"136","CUC91",16,1435,252.933079730776,9.58910144560877,14.7857142857143,74.3,0.686106646091844,8034.80520486704,1362.71953310907,"140",4,8,25.5789473684211,28.8888888888889
"137","CUR78",14,2051,520.033440624458,8.65561221481852,15.25,74,0.63224012088472,8036.07529841869,1363.42891652687,"143",5,8,NA,51.7777777777778
"138","DAN90",15,1019,151.512906798493,1.46943282936771,25.0769230769231,70.5384615384615,0.634137909165365,8043.64473679802,1371.08584673142,"144",2,10,12.3870292887029,38.1818181818182
"139","DAN95",23,1678,249.414035894875,3.7311402620718,17.8571428571429,71.4736842105263,0.669730718748264,8042.579095876,1370.12529517358,"144",0,0,12.7327080890973,0
"140","DEC79",4,53,7.87507300608083,0.0288529600699599,2,74,0.206381696872299,8004.66998744756,1362.41855449629,"103",0,1,8.91666666666667,1.5
"141","DIC94",17,1043,136.181786045243,1.6203579763958,47.9230769230769,70.6153846153846,0.656857291719389,8043.35782398523,1369.44685138686,"147",7,10,11.0299401197605,70
"142","DIC95",21,1537,207.241209473887,3.53040139633238,45.3157894736842,69.4210526315789,0.687862082807451,8042.23916747203,1367.70324277542,"147",3,14,11.8968253968254,56.6
"143","DIC96",3,46,6.06869831594898,0.0508449681609146,34,68,0.607692635563927,8045.41511372981,1370.27463580373,"147",0,1,12.0833333333333,241
"144","DOC94",15,859,125.137037594728,1.48616476045107,47.1666666666667,70.8333333333333,0.654665643114373,8043.05209628289,1368.10452710326,"147",4,9,10.5801886792453,79.4
"145","DOC96",16,931,142.162487303997,1.72372241772024,49.2857142857143,70.1428571428571,0.662731338333276,8042.88288629378,1368.75886964512,"147",5,8,11.563071297989,74.2222222222222
"146","DOC97",4,152,20.4246066650698,0.212943656875054,39,73,0.647685567477261,8042.48939148412,1370.52564230004,"147",0,1,15.125,232.5
"147","DOR78",13,1263,180.920320020731,1.88473157350058,22.3,73,0.543809428487056,8017.86058291245,1362.67050888953,"132",2,9,11.2252747252747,29.1
"148","DOT02",12,547,96.8342620292251,0.785896345013953,8,73.8,0.535162291633061,8041.3766262648,1377.34496887452,"151",1,4,14.8051948051948,19.6
"149","EBO90",14,1271,245.843287148895,9.18728746591207,32.25,72.2727272727273,0.680522691151045,8036.331122227,1362.87038535486,"147",4,7,NA,83.125
"150","EGR91",14,898,110.394389631091,3.25827562959574,30.5454545454545,72,0.669246311307181,8031.71099984497,1362.40695307073,"143",3,8,21.8476821192053,386.666666666667
"151","EGR96",6,171,23.4359777521405,0.276826036300394,33.5,70.5,0.621950631264682,8027.72615922094,1363.16214652308,"143",0,2,24.5277777777778,133
"152","EID03",15,1126,167.380451717681,6.30308998912697,2,75,0.686540905539523,8032.94329368125,1362.88625944898,"141",1,7,20.5631469979296,3.375
"153","EIF81",12,693,104.730489064701,0.65289014520162,20.25,72.5714285714286,0.316382962031798,8006.58451760957,1362.04795968494,"130",3,5,6.54205607476636,56.8333333333333
"154","ELG68",14,1370,358.721899275375,2.49752443766984,9.875,74.5,0.565472315545562,8019.85415275742,1362.72661752162,"106",5,8,NA,9.88888888888889
"155","ELG71",12,1244,246.334371778853,1.51779382600888,9.5,73.8333333333333,0.503853692351902,8016.92624123506,1362.90296770978,"106",3,7,NA,11.375
"156","EOL86",6,227,36.5210188311112,0.150903626474751,28.3333333333333,71.6666666666667,0.203784932468065,8000.81168649893,1371.29573059602,"132",0,2,4.19512195121951,65.3333333333333
"157","FAG79",10,1310,302.681765999416,5.29959957294724,9.875,74.2857142857143,0.622310997668771,8034.87814369275,1363.4215640307,"147",4,4,19.5020408163265,115.4
"158","FAN88",12,1061,224.425609566744,5.99590274208189,21.7,73.4,0.657405804717949,8034.58937524226,1363.10631526865,"130",4,6,NA,58.7142857142857
"159","FAN90",18,1665,271.382128152319,10.1606579639504,18.2666666666667,73.3846153846154,0.692364483573478,8036.37291559393,1363.62893227497,"130",8,14,NA,56.6666666666667
"160","FAN93",12,956,169.826851564035,5.83704553597892,18.3,73.125,0.686072413524039,8035.38695650805,1363.06825417127,"130",1,6,22.3929618768328,65.2857142857143
"161","FDL00",15,1016,170.515667735869,8.67466817237592,11.7692307692308,74,0.649771920408026,8038.64279405043,1358.67262926155,"137",3,8,26.0813253012048,14.8888888888889
"162","FDL03",13,931,155.207303062439,7.81497444845065,11.2727272727273,74,0.666282733133214,8037.64532560848,1359.25645262982,"137",2,5,23.7014925373134,18
"163","FDL96",8,534,91.0850329819421,3.47122574624871,10.8333333333333,74,0.638695864517289,8037.5423333658,1359.53744788863,"137",0,2,NA,33.6666666666667
"164","FDL99",17,1134,178.22868494163,8.47325494032456,11.7142857142857,74.1,0.661321039268679,8038.11027653769,1359.12265727438,"137",4,9,24.8152866242038,15.1
"165","FEA94",8,366,67.0874968474213,0.396608843906113,18,71.6,0.614228998817453,8043.18863461483,1373.58830850208,"151",0,2,11.3414634146341,43.3333333333333
"166","FEA95",7,343,63.6061604750146,0.391713236824457,18,71.6,0.588099738505069,8044.40235595086,1374.45545721558,"151",0,3,12.242774566474,33
"167","FEE71",12,1831,601.481992978802,6.23347217799415,4.6,74.8,0.668116323301512,8031.91905943894,1363.17147639288,"135",3,6,NA,9.71428571428571
"168","FEE75",6,702,130.155916115196,1.87044448179096,5.25,74.5,0.704021247771181,8032.02473363929,1364.04437120923,"135",0,2,NA,19.6666666666667
"169","FEEDE",10,489,352.114916957282,1.99817459959675,4.66666666666667,75,0.671714693428881,8032.22101038456,1363.41207923301,"135",5,6,NA,9
"170","FEN90",13,332,40.84120393681,0.826906810568019,25,74.5,0.533192032219485,8018.4345997251,1362.26966934669,"133",2,8,14.0681818181818,33.6666666666667
"171","FID86",7,752,197.799375051018,3.08938375359728,7.6,73.6,0.618539536831919,8035.86263377929,1362.66069886019,"136",0,1,NA,13.5
"172","FLG98",16,918,138.72840095649,1.92739524344272,19.3571428571429,71.25,0.672918705192496,8043.07968107043,1368.89481232334,"144",0,8,12.7466918714556,31.5555555555556
"173","FOP97",5,206,34.4726714848003,0.312440333647155,25.6666666666667,68.6666666666667,0.659155313457941,8043.79145378706,1369.53358774672,"144",0,1,12.2285714285714,87
"174","FRO93",4,110,18.501065093793,0.154328256310877,3,74,0.646149602251203,8042.11187971956,1368.31861263004,"150",0,1,12.3695652173913,2
"175","FRT07",10,515,69.9822589916555,2.49209161265006,10.4285714285714,73.3333333333333,0.682115203388112,8033.32757917292,1361.14280526015,"144",1,5,23.0428571428571,29.6666666666667
"176","FTH03",7,190,25.573704736014,0.413684243393683,7.5,NA,0.536540067700568,8017.03166726044,1363.82013324737,"135",1,2,10.75,10.3333333333333
"177","FUL83",10,772,186.744316113445,0.861819351659215,10.125,74.5714285714286,0.507553093459312,8041.60146621528,1378.13039375742,"153",2,5,12.3658536585366,41.8333333333333
"178","FUL85",8,513,130.997839676722,0.534707213019828,10.1666666666667,74.6666666666667,0.487547831589189,8042.31488943793,1378.62621350404,"153",0,3,NA,55.75
"179","FUL86",16,857,200.117234102026,0.771910024104062,15.3076923076923,73.5384615384615,0.487649370927217,8042.51798636354,1378.92974241034,"153",3,8,NA,34.3333333333333
"180","FUL87",11,557,126.919950628981,0.523691559591021,14.25,73.875,0.508302436578647,8042.32672801665,1377.48469911671,"153",3,6,11.1671924290221,38.7142857142857
"181","FUL89",11,399,97.135826301746,0.382396821059077,17.4285714285714,72.7142857142857,0.508900251757824,8042.93922477063,1377.7072750496,"153",5,7,12.4138972809668,33.5
"182","FUL93",16,717,151.565225303628,0.786316432885845,19.2857142857143,72.6428571428571,0.477732906077357,8042.3574022718,1378.87239191296,"153",1,7,11.47983014862,39.125
"183","GAL85",12,1087,188.158069221983,1.59911969222658,19.6,72,0.576349650726444,8044.79625262745,1370.94079837903,"144",3,7,NA,38.875
"184","GAL89",12,606,101.261655743458,0.781910203496188,24.5555555555556,71.1111111111111,0.620336363341311,8044.1717208193,1371.13609213848,"144",1,5,11.4512195121951,51.5
"185","GEC95",18,306,52.4551399786564,0.0895192560085151,3.0625,74.8,0.291208396746231,8036.71541192593,1387.32051869409,"152",2,9,3.76623376623377,6.2
"186","GIN93",14,1264,158.990347461873,5.12217534109034,41.5833333333333,71.9166666666667,0.704210285877858,8037.64832348264,1364.84574448372,"147",3,7,16.1976744186047,88.25
"187","GL375",11,995,168.899773901225,0.912903184933723,4.33333333333333,74,0.569358241891824,8040.0883139848,1378.21892406001,"157",3,5,10.8551724137931,6.83333333333333
"188","GLA69",13,1227,480.404050168972,2.63618990228994,4.22222222222222,74,0.589517332426032,8042.10528374859,1377.96140529194,"157",5,9,NA,23.4
"189","GLASS",16,466,353.825219168734,1.97884506696251,3,74.3333333333333,0.629717358873373,8041.30729941932,1377.62546455784,"157",1,7,NA,3.875
"190","GNB07",10,821,107.234084089991,4.11527809918532,39.25,66.5,0.708380821847221,8037.5861925153,1363.27950251056,"147",1,3,15.4217171717172,108.75
"191","GOD94",17,1273,191.704204476874,6.8840089558688,38,70.7692307692308,0.66934244104764,8033.58094762307,1361.6513143578,"143",5,12,NA,59.6923076923077
"192","GOD97",18,1248,264.18097777664,13.3295131300211,37.9375,70.375,0.623820115153824,8039.44835013675,1358.02795994677,"143",3,11,24.0684410646388,56.8333333333333
"193","GRA02",7,481,72.0900676727981,2.99308623266764,10.6,72.8,0.697164976746055,8035.18333686078,1363.21326741855,"130",0,3,22.0352941176471,55.5
"194","GRA93",15,1261,208.173089002478,7.30242877387548,17.1666666666667,73.4,0.70259001083156,8034.39330342006,1363.22309315567,"130",4,8,NA,62
"195","GRA95",5,278,49.5608148476357,1.31957489127365,21,73,0.671537998675652,8035.53957142596,1364.97165422981,"130",0,1,26.1571428571429,82.5
"196","GRA96",9,722,97.9072971744788,3.09435797373815,17.1428571428571,72.8,0.712328511838543,8036.53775707752,1363.01953332909,"130",0,2,19.3857868020305,67.6666666666667
"197","GRA98",15,1373,197.47191118816,7.88039913565196,11.2307692307692,73.7,0.710190056092724,8037.0531719507,1363.12058057775,"130",1,6,18.6571428571429,54
"198","GRA99",9,743,111.684913278631,4.5381431448742,13.1428571428571,73.3333333333333,0.716040950714352,8035.76436127494,1364.01610752447,"130",1,3,24.4821428571429,58.25
"199","GRC76",12,1614,414.022281497062,7.35543194207257,15.5555555555556,73.8333333333333,0.629041517210134,8036.3087457722,1362.94954558158,"140",2,6,20.5226666666667,35.5714285714286
"200","GRE68",12,1258,534.672937482354,5.24600648454636,11.7142857142857,74.5,0.667957461608401,8034.37088579085,1363.28644957118,"140",6,7,NA,27.875
"201","GRE72",14,2082,629.853528301378,9.08856763796112,14,73.8571428571429,0.661062447337299,8035.93891853776,1364.03383004379,"140",4,7,NA,30
"202","GRE73",9,1177,276.254145752751,4.55689845518918,13.2857142857143,74.2,0.66898252831008,8035.48324085169,1363.35976718817,"140",2,4,NA,46.2
"203","GREET",12,402,327.242013210039,1.75958839472747,8,NA,0.695316776535976,8035.26527507755,1364.40509199131,"140",6,8,NA,24.3333333333333
"204","GYP07",11,681,84.3780691686847,2.76853095435348,11.875,73.625,0.659156264604762,8027.84512364851,1363.16642218997,"140",1,4,16.9483394833948,28.6
"205","HAL90",21,1539,200.600215852977,3.88030706210905,17.2105263157895,74,0.537105750998815,8015.89633255119,1364.14424088097,"133",5,9,14.959100204499,33.3
"206","HAL94",9,688,93.9724704622617,2.19154357613039,24.1428571428571,73.8333333333333,0.63215824920246,8026.17754607603,1362.14080605241,"133",2,5,21.7371794871795,39.5
"207","HAR82",13,1806,362.132348785558,5.74078867972614,15.5454545454545,72.7777777777778,0.658815689237148,8038.68283990949,1367.99563556827,"155",2,7,NA,24.375
"208","HED01",17,1133,153.538393690685,2.8444564198867,43,66.7333333333333,0.660893398711367,8043.42539179738,1369.93225818129,"147",2,8,12.3103448275862,76.6666666666667
"209","HED12",4,157,14.5387313365571,0.357682268542849,28.5,68.5,0.659850654952282,8043.22132079308,1370.24185135293,"147",0,1,8.92424242424242,103.5
"210","HIC84",15,1436,258.410478872064,2.64203528394361,18.9230769230769,72.5,0.624061351396396,8042.88397187414,1368.63284840486,"147",6,11,10.0608695652174,54.3333333333333
"211","HIC88",16,1154,181.707128424501,1.95987052980687,30,72.4615384615385,0.643422875723998,8042.65186760662,1369.25417214614,"147",6,12,11.0338266384778,60.5384615384615
"212","HIC89",8,312,50.0526773694937,0.520718850915973,19.6,72,0.664708678935719,8041.69943787687,1368.16661264913,"147",3,5,11.2393617021277,95.6666666666667
"213","HIR03",12,414,58.909488112852,0.401194410444992,13.5,72.7,0.441386572916125,8042.70418687197,1380.28630555955,"153",2,9,7.64406779661017,27.7
"214","HNY12",5,68,13.6395594858743,0.569131898183424,5,75,0.645150056263943,8040.91042224178,1358.85709060185,"139",0,1,37.1111111111111,9
"215","HOL00",10,645,78.5108924693753,1.0077850937736,54.375,69.625,0.640616897830938,8043.03960167867,1372.39698900641,"147",1,4,13.5087719298246,116
"216","HOL94",13,899,121.390033453723,1.29531104765714,44.7,71.5,0.635819158130324,8041.70243600228,1373.52747054821,"147",3,4,13.7295081967213,121.2
"217","HOL97",15,1196,155.000465810974,2.32900352956031,50.4615384615385,70.3076923076923,0.65940958124483,8041.72137469524,1371.6947457389,"147",0,7,15.8423236514523,82
"218","HON00",8,474,75.3781223610972,1.67289875343156,22.5,73,0.606992357605914,8021.84583068789,1364.28028814239,"138",2,3,20,50.75
"219","HOO05",13,1090,166.517635226331,7.06864982732878,30.4545454545455,69.6363636363636,0.694698101041943,8036.14350191518,1361.86465695802,"143",1,8,20.7880085653105,76.5555555555556
"220","HRM95",9,855,132.475692005671,4.48498860166606,2.85714285714286,75,0.688387442794086,8037.63176548682,1362.52888627546,"136",0,2,22.4214876033058,6.33333333333333
"221","HRM99",8,668,109.040614468994,4.53038815789237,1.83333333333333,75,0.708393459467351,8035.35831843339,1362.87104154983,"136",2,3,24.8017621145374,3
"222","IBI83",3,114,13.0592733494589,0.172663245515385,14,70,0.448934504682726,8025.28893381597,1362.28647362175,"143",0,1,28,206
"223","IBI84",13,1427,244.202844105322,4.13679196467145,19.7272727272727,73.5714285714286,0.625851926751728,8028.92679095653,1361.6207226637,"143",4,7,NA,59.5
"224","ILE86",18,1911,282.19067075,3.58885352572285,27.9375,72.5714285714286,0.677526037620872,8041.06236913698,1369.52546512116,"147",3,8,14.1428571428571,78.1111111111111
"225","ILE87",20,1817,283.043170657453,3.24266477324301,32.9444444444444,71.875,0.660809744124051,8042.19592585875,1370.16469424534,"147",4,12,NA,60.1538461538462
"226","INI86",15,1551,364.692783785826,8.93001965101216,5.23076923076923,74.2222222222222,0.647529542530874,8036.55136861375,1362.99184025333,"136",4,11,20.5135746606335,6.41666666666667
"227","INI87",6,560,142.412375887836,2.1482685718161,7.5,73.25,0.625949193172578,8035.77127605678,1362.65457718041,"136",0,1,NA,13.5
"228","IVO99",16,1287,197.58474644781,7.89545589420492,50.6153846153846,68.8461538461538,0.71112695454708,8035.95835094575,1363.62677048216,"147",0,6,NA,88.5714285714286
"229","IVY95",5,214,26.5163638393269,0.28542862562317,34,70.5,0.672610148684312,8043.32089867305,1368.81409383741,"147",0,1,14.6567164179104,241
"230","IVY97",18,1056,155.026630987701,1.84174933434307,47.9375,69.3125,0.631929312702988,8043.73557357775,1371.13759177419,"147",3,7,11.5210084033613,78.875
"231","JAE02",16,749,136.34120314578,1.6655763932119,11.6428571428571,72.5714285714286,0.534804557590422,8041.5376428313,1377.45718365832,"153",1,6,13.6179245283019,32
"232","JOS74",4,137,15.4913300280201,0.105788300424025,11.5,74,0.339644323872236,8018.69734824501,1361.43462233107,"106",0,1,8.375,29.5
"233","JOS77",6,225,34.1226950753223,0.191000666884413,10.3333333333333,74,0.401805109536334,8010.91115122044,1361.37922544933,"106",0,1,7.36666666666667,23.5
"234","JUG87",12,1096,218.62587252993,4.07832679675905,4.6,74.3333333333333,0.59413958661943,8029.65862559023,1362.29011933951,"135",1,5,17.8881118881119,10.5
"235","JUN85",14,1607,318.292154061763,6.6011423965427,19.75,72.2222222222222,0.664110014945496,8038.03227476033,1365.18558371112,"147",4,8,16.0866141732283,68.8888888888889
"236","KIL82",11,1271,250.574306018218,2.70815486547796,17.1111111111111,71.7777777777778,0.58717273208185,8042.95146889199,1368.96640519048,"144",4,6,NA,47.4285714285714
"237","KIT95",19,1067,203.643339586426,1.57669799733147,11.7647058823529,73.1176470588235,0.545527190989488,8043.63530204341,1375.74857703178,"151",0,10,13.8620689655172,19.0909090909091
"238","KLD05",7,215,40.804294333844,0.279615117766136,14.8,72,0.454932299108,8043.28213068375,1379.34156456165,"153",0,3,11.31875,37.25
"239","LAM83",15,1573,388.741732683139,8.00163984389224,5.16666666666667,74.8,0.578097808634067,8037.18537774687,1359.05111735104,"142",4,8,13.7425474254743,13.3333333333333
"240","LIB78",15,858,102.595461514891,0.410472885463004,5,74.2,0.499626909929681,8030.78305988608,1380.65897922952,"165",3,6,6.2,8.28571428571429
"241","LIBRA",13,189,25.0239287183847,0.0556668213529823,4.75,NA,0.420917629373501,8032.27434681259,1384.36944743339,"165",1,5,5.03571428571429,8.83333333333333
"242","LIM78",5,539,79.6797256206579,0.982470048784915,15.3333333333333,73,0.713498850983906,8037.34551871911,1368.65643228725,"144",0,1,13.2619047619048,154
"243","LIM80",13,1624,312.945159863625,3.69446552583204,17,72.4,0.609611851000911,8041.68261019589,1368.93474160567,"144",1,7,9.97076023391813,43.375
"244","LIM83",15,1517,293.576704282045,2.90676231927714,19.7692307692308,72,0.609806240497093,8042.86642618921,1371.37293758595,"144",1,8,NA,36.8888888888889
"245","LIM85",15,1737,325.515217866626,5.53595475639469,21.8461538461538,71.5384615384615,0.662451251668419,8038.52138778364,1365.17798456277,"144",6,8,NA,34.4444444444444
"246","LIT70",16,1485,477.674205052537,2.57491725241065,6.66666666666667,74.3333333333333,0.558283352935383,8040.48875349163,1379.8128879077,"159",3,10,NA,4
"247","LIT75",7,525,83.8180817420858,0.373037195048654,7.4,73.6666666666667,0.604601845154124,8039.2032044496,1378.14287710909,"159",1,2,12.6449275362319,8.66666666666667
"248","LITLH",16,1148,397.102452764189,2.1347201577511,7.22222222222222,74,0.6170692900377,8039.50635708028,1378.40757851262,"159",7,11,NA,3.08333333333333
"249","LIZ86",14,473,91.7099251092915,0.209268750662118,4.16666666666667,74.6666666666667,0.377989610315595,8037.40369503483,1385.0111889328,"152",2,4,NA,9.8
"250","LMS00",15,733,82.3694682791909,2.17800452350364,37.75,70.75,0.623320598871568,8028.40179125681,1362.85503183175,"143",4,6,23.2650602409639,83.8571428571429
"251","LMS06",9,603,77.435689263281,2.75720526667134,36.8571428571429,69.7142857142857,0.667072208645464,8032.04835166432,1361.67760327401,"143",1,3,19.5111111111111,97.75
"252","LMS97",17,1159,154.978610218154,4.64520922934744,38.4666666666667,70.4666666666667,0.663387287430483,8029.95769117704,1362.92552263928,"143",5,11,21.1286549707602,62.0833333333333
"253","LOB86",13,976,183.06157498712,0.982989878221471,15.7272727272727,72.7272727272727,0.513614021461415,8042.93672061269,1377.18016509105,"151",1,6,NA,27.8571428571429
"254","LPW91",17,870,163.417503141242,1.0341921991385,15.6428571428571,72.9285714285714,0.562616322689873,8042.80937198356,1375.75221062075,"151",6,11,12.6237288135593,22.75
"255","LPW93",12,893,109.151992361268,1.170262731259,16.7,72.4,0.66045691864768,8040.7161940423,1372.56491252591,"151",2,4,13.6920821114369,33.2
"256","LTF73",17,1423,231.211860564224,1.01873462143454,4.53333333333333,74.875,0.51857971217835,8038.91647168252,1381.57114108598,"152",1,5,6.25411764705882,13
"257","LTF74",19,1585,266.279722739072,1.10623112846336,4.625,74.8888888888889,0.530906236570647,8038.86316641265,1380.64793729798,"152",1,6,NA,12.1428571428571
"258","LTF77",16,1145,214.414215716913,0.766045593649787,4.42857142857143,74.7777777777778,0.495104447990309,8038.76007130384,1381.62394807115,"152",4,8,NA,9.11111111111111
"259","LTFLH",13,817,309.113108767522,1.65881399636282,4.42857142857143,75,0.578530867574147,8039.35175484143,1380.43850561888,"152",5,9,NA,6.6
"260","LUT12",6,240,44.4507531296159,1.8097785284237,6.66666666666667,72.5,0.624630432059823,8039.21159622275,1358.33384039481,"137",0,2,16.0694444444444,21.3333333333333
"261","LUZ85",4,210,29.2144158596389,0.184498934413182,31,71.5,0.501220473443264,8014.81459643942,1364.09673642066,"132",0,0,14.1,0
"262","MAC83",3,174,23.720219768018,0.321106475697245,18,73,0.602575785188035,8022.11963948992,1364.95931776788,"140",0,1,20.125,86.5
"263","MAC85",4,278,41.4151174901046,0.399792135955789,15.5,70,0.553891735163143,8017.42244364686,1368.43088141219,"140",0,1,17.1842105263158,77.5
"264","MAL93",17,1445,223.961954345272,7.74869045189127,3.26666666666667,75,0.698087220869514,8034.45192849703,1363.46849730266,"141",4,6,23.345652173913,4.42857142857143
"265","MAR89",18,879,219.077977853378,1.25093227990174,18.2142857142857,72.8571428571429,0.516664889748952,8043.06692730736,1377.36333050285,"153",0,4,14.4969512195122,49.8
"266","MAR93",14,596,151.44415233695,0.814958073764048,19.4545454545455,72.7272727272727,0.489567981165355,8042.71154927824,1378.77022699257,"153",2,7,NA,39.875
"267","MAR95",16,832,160.804237237922,0.940266479251678,18.3571428571429,72.4285714285714,0.469966207261178,8042.21380259373,1379.76847436912,"153",1,11,NA,30.8333333333333
"268","MAW79",15,1277,297.665852753557,1.56491959097267,10.8461538461538,74.4545454545455,0.526373030379978,8042.17153186583,1377.69387523411,"153",7,9,NA,23.9
"269","MAW83",17,1160,288.158415477094,1.22387268403518,13.9333333333333,73.5714285714286,0.474657925723287,8042.7844778266,1378.59285414224,"153",4,9,NA,27.7
"270","MAX84",15,1541,267.303531408031,3.8628123450919,21,73.6363636363636,0.595867264774684,8020.4801558127,1364.04880372755,"130",5,6,17.6509433962264,55.2857142857143
"271","MEE03",14,712,130.994669463941,1.25914957645538,45.25,67.3333333333333,0.541876247636433,8042.67183071862,1376.81112592959,"147",1,7,14.6476578411405,83.625
"272","MEG00",8,269,41.976761651613,0.256629997074544,19.8,72.8,0.492777048684379,8040.9792269542,1380.09861043682,"153",1,3,NA,44.25
"273","MEL75",8,1005,202.814826011801,2.96167186929486,14.2,74.25,0.684038924373882,8031.3427102392,1363.26641064472,"140",1,3,20.4196428571429,56.25
"274","MEL76",13,2004,486.308150080934,8.25232465352189,15.5454545454545,72.875,0.638725275678642,8035.13068187399,1362.69720656557,"140",2,7,20.1095890410959,31.75
"275","MEL77",6,671,135.372715856373,2.06379218110648,13.5,73.3333333333333,0.670032857956038,8034.18047080978,1364.06312954493,"140",0,1,19.1968503937008,94.5
"276","MHO67",11,894,436.424983582321,3.60556139249049,3.8,75,0.690728881108358,8036.12041619709,1363.56755068781,"139",4,7,NA,11.75
"277","MLD04",5,200,29.5428133865458,1.21154976807831,1.5,75,0.681999071608495,8035.85673861529,1362.94525336947,"136",0,1,23.6527777777778,2
"278","MLR96",19,965,143.349860350059,2.38703468175244,5.75,74.25,0.528491682667796,8018.93077951985,1364.43964417897,"135",6,12,14.4089709762533,7.38461538461539
"279","MNX89",16,670,171.598476478328,0.865756674468474,17.9166666666667,73.0833333333333,0.497744721308889,8042.65188126219,1378.59234356444,"153",5,8,14.2459677419355,34.1111111111111
"280","MNX90",14,649,168.945586710607,0.885626790189508,17.9166666666667,73.0833333333333,0.508657011662855,8043.06197436895,1377.90645266224,"153",3,5,14.9002169197397,45.1666666666667
"281","MOC84",14,919,181.75970418517,0.749115915632719,4,74.5,0.488450773863468,8041.05174351286,1379.81151422505,"158",3,8,NA,10.2222222222222
"282","MOD72",17,1883,501.220352178516,2.93886697872999,10.5,74.2727272727273,0.571125814995489,8043.46392030626,1376.76541301913,"153",5,9,NA,225
"283","MOD74",12,1243,232.736518892714,1.36685934977491,10.8,74.125,0.559358103565598,8041.91955071372,1377.49879805817,"153",2,4,NA,49.4
"284","MOL70",7,585,377.008487151382,2.21370651346485,9.25,74.5,0.653658478093047,8041.75354795585,1376.27272882786,"153",0,3,NA,64.25
"285","MOL73",7,309,36.6570334408642,0.309277495511803,1,75,0.396307409748546,8013.99557063317,1365.16603897188,"125",0,2,7.40816326530612,1.33333333333333
"286","MOLIN",5,181,79.7261336688763,0.484394809643681,1,75,0.633653951488219,8024.65340648899,1368.54315840627,"125",1,3,NA,1.5
"287","MOM65",18,974,467.308063686454,2.54600620044864,10.25,74.3333333333333,0.564962434356568,8042.56552405472,1378.43778166472,"153",7,9,NA,27.9
"288","MOM67",13,1085,485.564238332877,2.82303954374923,10.1428571428571,74.5,0.614902449269063,8042.24728533168,1377.17328723956,"153",2,5,NA,44
"289","MOM68",13,1250,472.848994921385,2.98040967398385,10.1428571428571,74.5,0.67914676971963,8041.8595496829,1375.30815441274,"153",0,5,NA,43.3333333333333
"290","MOM72",14,1459,448.429523943898,2.45340609450847,10.5833333333333,74.2,0.543532053970333,8042.71961663105,1377.95595244821,"153",1,8,NA,31.8888888888889
"291","MOMHI",14,372,243.52895880952,1.39359196725784,9,74.5,0.64134577147366,8042.4679407367,1376.49028558417,"153",7,8,NA,28.5555555555556
"292","MOO96",10,343,40.3833500475434,0.252951470481043,9.28571428571429,73.5,0.460171699836532,8038.37286010921,1382.54043547984,"155",2,4,11.2644628099174,19.4
"293","MOS78",15,2073,452.365036132514,6.63472055995157,12.5833333333333,74.8,0.593165517677963,8029.20528412471,1362.642246882,"138",4,6,21.3297872340426,37
"294","MOS83",10,1193,240.693347331999,3.25352604067962,14.2857142857143,74.75,0.638802150249278,8028.85544675919,1363.58658676215,"138",1,4,20.6647727272727,52.4
"295","MOY73",13,1488,250.562350467974,1.91277512071267,15.1818181818182,73.7777777777778,0.622077869422895,8042.23183005703,1375.47125033381,"155",2,5,11.0710900473934,34.1666666666667
"296","MOY74",12,1317,166.026644099746,1.03894728647224,16,74.375,0.643703847906436,8036.83925918326,1376.06665716896,"155",2,8,9.65573770491803,26.6666666666667
"297","MOY76",10,1313,207.907241838073,2.46649277075179,16.125,73.625,0.659889253129451,8041.03840694103,1371.90620842333,"155",1,5,11.2210144927536,34.1666666666667
"298","MOY77",3,125,11.4560187743858,0.0697260066231195,16,73,0.599949751685171,8041.43864161234,1377.31994515572,"155",0,0,17.6666666666667,0
"299","MOY82",15,1169,227.160536803705,1.27967777625634,15.25,72.8,0.501532044047494,8041.90416020586,1379.00363430994,"155",3,8,NA,20.7777777777778
"300","MRG03",12,728,85.4803422539121,3.29964520613887,8.33333333333333,74.75,0.72087686510195,8033.84187380243,1365.20646262454,"139",1,4,20.56,13.4
"301","MUR85",14,1563,348.191507975777,7.56911896676043,21.1666666666667,73.5454545454545,0.675374191371944,8032.7254864939,1362.21962422661,"130",4,7,19.6363636363636,53.125
"302","MUS77",16,2225,376.57787129549,4.34994257341059,15.3076923076923,74.75,0.58177012197279,8019.36522324729,1363.99455827688,"133",3,6,16.0190677966102,25.2857142857143
"303","MUS85",17,1682,314.314152497197,4.59589184944808,25.4285714285714,73.8,0.591464470807139,8020.49359925278,1363.39258023182,"133",6,8,NA,29.7777777777778
"304","MYR74",15,1970,306.842411912992,3.67363830917251,2.66666666666667,74.5,0.660970787617406,8040.4390057826,1368.98940737193,"150",2,7,NA,3.375
"305","MYRTL",10,562,355.614208551969,2.11536317942102,2.66666666666667,NA,0.732740099883188,8040.89336893897,1370.99131799552,"150",3,4,NA,5.2
"306","NAK89",11,384,52.5722856214911,0.985037294500151,23,73,0.570156292788821,8022.73751696584,1362.67988466841,"143",1,6,NA,66.2857142857143
"307","NET02",16,864,120.368845323028,2.20775037706341,42.2142857142857,66.4285714285714,0.649873233886727,8042.83461969103,1369.78745384298,"147",1,12,8.99276672694394,61.5384615384615
"308","NET99",11,562,81.3190144545472,1.16168851237144,53,70.1111111111111,0.666566274682539,8042.71014044415,1368.24051092633,"147",1,5,11.1241379310345,105.166666666667
"309","NOB76",13,1668,295.440875211386,3.16667331272525,15.5454545454545,72.8181818181818,0.605863772394866,8043.14695419203,1368.77647790548,"144",2,9,8.45965770171149,39
"310","NON86",4,278,55.4902160509026,0.514929054318904,15,72,0.594413389777349,8043.76816342299,1368.22888957674,"144",0,1,10.3272727272727,129.5
"311","NUC81",6,83,11.3037074219399,0.080001446999429,11,73,0.249463453978157,8008.94247351374,1363.82978352439,"127",0,2,7.53333333333333,18.3333333333333
"312","OAT87",6,402,75.7153739373396,0.460450465068122,16.5,73,0.5337062663922,8042.68333933306,1375.56314211388,"155",0,1,12.5434782608696,46
"313","OAT90",8,402,68.6569197129452,0.403729912466448,13,73.2,0.566367155226193,8044.10832812882,1375.71583303038,"155",2,4,NA,22.4
"314","OAT94",11,592,107.005230257442,0.724745115103506,10.3333333333333,73.75,0.558343987892213,8045.15609266735,1373.92841269108,"155",1,7,12.5091463414634,20.5
"315","OCC85",7,306,59.1716962570143,0.148013384761882,20.2,74,0.215669473408268,7998.16553963177,1363.08454294812,"130",1,2,4.83050847457627,86.3333333333333
"316","OCH85",8,960,251.795594631973,3.73942378243233,14.3333333333333,73.3333333333333,0.616049795715812,8031.75745173025,1361.98915417179,"138",1,3,21.9771428571429,62.75
"317","OCH87",6,493,125.895635129142,1.69097952993291,16,75,0.608776072043655,8028.87186684836,1362.67369702222,"138",1,2,23.65625,80
"318","OCH90",16,1304,222.648252455511,6.80089247977786,19.0714285714286,73.2727272727273,0.657565199575669,8030.15393942218,1362.77624295935,"138",7,9,22.3887640449438,33.8
"319","OCH96",13,857,130.354800292005,3.24197284375001,22.4,73.1111111111111,0.620285442486281,8023.52518418562,1363.79907635053,"138",4,5,21.864406779661,44.5
"320","OPA03",5,211,32.9174344381404,1.41455808298954,42,73,0.706224616060277,8033.57407454066,1362.03297517916,"143",0,1,26.013698630137,144.5
"321","OPA07",10,729,95.5896990136572,3.75683054649398,30.875,69.75,0.7070199348035,8037.38646895763,1363.0506265242,"143",0,2,16.0960960960961,90.3333333333333
"322","ORC95",14,1273,215.902421544636,8.07298335806477,22.1818181818182,73.1111111111111,0.698382161336752,8035.87307806999,1362.73814444019,"138",1,5,26.371158392435,42.3333333333333
"323","ORC97",5,226,38.823227139238,1.4358818077487,22.3333333333333,74,0.696243184325411,8037.22902161351,1363.72263144952,"138",0,1,27.7118644067797,92
"324","ORP92",8,556,102.850748458729,3.68053602220433,9,74.6,0.636305554298235,8035.97196237752,1362.05901257666,"137",1,3,24.4632768361582,27.25
"325","OTA72",4,338,180.085998148921,0.980839469289904,7.5,74,0.620863904945246,8023.22889397268,1362.3727815772,"130",2,2,NA,95
"326","OTA78",6,377,42.5863614440952,0.332125656175625,21.6666666666667,73.6666666666667,0.496685515387865,8012.95086538377,1367.19431811459,"130",1,1,6.44047619047619,129.5
"327","OTA80",16,1252,162.64997993308,1.10226544768558,20.8461538461538,72.4166666666667,0.334356002633479,8004.89825750967,1368.46507693279,"130",3,9,NA,39.8
"328","OTAGG",20,2279,607.645395986458,6.18217044397885,15.7692307692308,72.5,0.630032286879953,8028.01746344163,1363.46876711866,"130",10,15,NA,18.4375
"329","OVA97",5,98,15.5820664554514,0.147318606355575,19.5,72,0.457431536032565,8010.9785492757,1366.20002728352,"130",1,1,10.9166666666667,75
"330","OXA95",7,244,29.2309258384296,0.510255007101259,22,73.5,0.548251134871852,8018.92481220559,1365.44308278488,"138",3,3,15.6133333333333,61
"331","OXY05",12,642,86.5862756857774,1.61436726197257,43.3,66.7,0.682714411618816,8042.4948275791,1368.37832004561,"147",2,5,NA,95
"332","OXY06",12,867,113.568005874754,3.08373964206478,37.1,65.6,0.708732663727175,8040.13917267164,1368.0465464697,"147",0,6,14.9427207637232,87.4285714285714
"333","PAN00",14,850,99.5546484988873,2.08270452334985,19.2727272727273,71.5555555555556,0.696124268759372,8041.07044935488,1366.59239155878,"144",2,7,11.9612590799031,33
"334","PAP87",17,1617,327.930739237302,8.86410883920339,6.85714285714286,74.3333333333333,0.683772546346606,8036.52843877558,1364.53567962214,"139",3,8,NA,10.4444444444444
"335","PEN90",15,889,146.012050715099,1.04644078325917,11,73.3636363636364,0.536617342629225,8045.1526256922,1374.90264582968,"155",3,8,NA,19.7777777777778
"336","PET83",10,1191,340.873605426802,5.38974081588655,12.5714285714286,73.6,0.634892623772011,8036.29219828067,1364.30584142456,"147",1,4,NA,115
"337","PET85",12,1350,289.802109421036,5.71717101046331,16.9,72.7142857142857,0.663272249595974,8033.6199071009,1363.01319435049,"147",2,7,18.8105263157895,76.5
"338","PET87",18,1760,340.4510318828,9.3208817146443,30.1875,72.0714285714286,0.640231818193684,8034.22106798962,1361.50571630122,"147",7,9,21.3326693227092,69.6
"339","PGB74",17,1854,239.157848882701,1.76522188670407,7.71428571428571,74.6,0.424744050821292,8008.49566751038,1364.4343163579,"101",5,13,NA,11.9285714285714
"340","PHL96",4,211,28.1338881470937,0.584138901915339,28.5,69.5,0.671447903424741,8039.50112346262,1365.81593263425,"144",0,1,12.5434782608696,89.5
"341","PIB83",10,431,105.995267269048,0.18658275472588,4.625,74,0.35509859562853,8035.94550271278,1386.58655443191,"165",1,4,6.86111111111111,14.4
"342","PIBRO",15,172,40.6870170567161,0.0970789782152157,5.66666666666667,74.5,0.336602322800178,8036.30928738412,1388.2190518026,"165",1,3,6.63076923076923,13
"343","PID89",10,721,89.0317397741707,2.40514479324493,24,71.7142857142857,0.696175886812179,8038.14804809215,1365.16826420854,"144",1,5,NA,49.8333333333333
"344","PID95",15,1078,140.146244738461,2.85895541596904,24.9166666666667,70.2727272727273,0.693697167856243,8040.86139004953,1366.38530035688,"144",4,9,12.4868105515588,34.4
"345","PID97",15,926,120.245856214556,2.0370260650865,21.3076923076923,70.8333333333333,0.68711189865389,8041.78274407063,1367.12082247978,"144",2,9,12.1971153846154,32.6
"346","PLO77",6,496,75.6474975668234,0.465207478392136,15,72.6666666666667,0.593857324281675,8041.83108295147,1375.37732055697,"151",0,1,9.66935483870968,90.5
"347","PLO82",19,1674,296.628494585107,2.29495134263639,16.2352941176471,72.875,0.574061686953221,8044.36989713864,1373.31609091885,"151",5,14,NA,17
"348","POL73",13,1902,271.595670585394,3.5254280673689,14.0909090909091,73.2,0.708706659305645,8038.27624798199,1369.69193910962,"144",5,6,11.0386740331492,53.4285714285714
"349","POL77",14,1735,310.091729187155,3.22280064607974,16.0833333333333,72.6666666666667,0.599887150923729,8043.04601969424,1370.26422554109,"144",4,8,7.79577464788732,41.7777777777778
"350","POL79",16,1466,267.344670022269,2.29013119785489,16.9230769230769,72.2307692307692,0.555116863829648,8045.34647451693,1371.98742749594,"144",0,8,5.53493975903614,40.3333333333333
"351","POLLU",16,1786,533.003017133762,3.73576886557298,12.6363636363636,73.8,0.646075906059159,8043.67056764606,1371.59865995761,"144",4,10,NA,34.4545454545455
"352","POM97",17,791,190.720589001225,1.34097357179586,16.1333333333333,72.7333333333333,0.496948351144406,8042.78862098782,1377.75904312863,"153",0,11,15.2244165170557,27.75
"353","PRA91",5,119,17.7885166996457,0.0876328766906738,15,74.5,0.57222477148586,8043.24478800543,1374.35027124113,"151",0,0,11.6617647058824,0
"354","PTN93",11,635,106.240461040273,0.869971712505017,27.8888888888889,71.7777777777778,0.604547951154445,8044.08324967728,1372.85046081511,"144",1,4,12.725,58.8
"355","RAP03",9,647,100.563776649852,3.88639953883003,17.2857142857143,74,0.683340944410582,8034.26018356455,1362.56945300434,"140",0,2,20.8091603053435,40.3333333333333
"356","RAP06",10,714,105.310539667102,3.79053384407309,13.25,73.8571428571429,0.689459998152627,8031.35792549677,1363.23935888958,"140",1,5,21.4113924050633,29.5
"357","RAP97",6,404,70.9253950462249,2.60495673741384,13.75,75,0.662561068949079,8034.02447232117,1360.91279343875,"140",0,1,25.5210084033613,57
"358","RBY02",14,1250,191.314772674676,7.8474740404404,37.0833333333333,70,0.705927327299911,8035.83642251597,1363.00195163469,"143",0,7,22.1928166351607,77.25
"359","RED74",18,2878,495.256785863809,6.24148261578561,13.5,74.75,0.613964006826726,8022.55976453376,1363.14957895631,"133",8,10,NA,15.7272727272727
"360","RED82",11,1451,276.461171554937,3.2823981641461,19.6666666666667,73.75,0.544192548010283,8018.25686414476,1362.86896189996,"133",4,5,17.409594095941,33
"361","REDYE",20,2743,726.30436247097,6.90496478103683,9.13333333333333,75,0.609506687682627,8024.96675079228,1362.71328211139,"133",9,10,NA,15.0909090909091
"362","RGR71",14,2016,750.344863857226,9.26124291967113,5.81818181818182,74.5714285714286,0.657950164198412,8035.82645845582,1362.35699472385,"136",6,12,NA,7.07692307692308
"363","RGRHI",15,1506,591.260256471553,6.16485488102707,6.125,74.75,0.646270216327589,8036.20505550687,1361.14567314762,"136",6,13,NA,5.21428571428571
"364","RHY86",13,1271,264.725717034552,4.64207889081871,15.6363636363636,73.7142857142857,0.598046405263788,8028.40892243503,1362.78107759692,"138",4,6,NA,37.2857142857143
"365","RHY88",7,556,105.706902287622,1.75334236474527,14.4,73.5,0.593894751972742,8027.54406132833,1363.54267742597,"138",2,4,NA,51.8
"366","ROW74",7,264,30.9622567824702,0.119788883473269,1.75,75,0.455914108943225,8039.58456632949,1384.01197692446,"160",0,4,7.98,6.8
"367","ROW77",10,248,46.4375472096791,0.116994892891285,1.4,75,0.343492389600876,8037.85315716474,1387.0143854607,"160",1,3,NA,12.75
"368","RPP03",6,263,50.2617692335199,2.65222933767242,43,71,0.611533325665878,8040.23433435428,1357.8761889046,"143",0,4,NA,100
"369","RTH72",17,219,49.4092928020224,0.094056198764515,1.8,75,0.295294729462083,8035.88900372672,1388.56684699049,"168",1,5,NA,6
"370","RTN73",9,1207,183.321662713106,2.19832277675935,3.42857142857143,74.8333333333333,0.722901586188457,8040.2408374498,1369.78384579188,"145",1,5,NA,4.66666666666667
"371","RTN74",5,335,49.4771595700743,0.567218206172937,5.5,74.5,0.664818515621274,8043.61544955634,1370.75188121119,"145",0,1,NA,4.5
"372","RTNIC",15,571,358.358077157296,2.01601085401308,5,74.5,0.662376714152668,8044.10078725953,1371.74392306744,"145",5,9,NA,2.4
"373","RUF00",14,779,167.805533514735,8.98351354784129,39.3636363636364,70.8181818181818,0.587503220490867,8040.44335535108,1357.27433655958,"143",5,9,NA,71.9
"374","RUM01",12,786,158.863790018158,8.55575886695134,39.7,70.4,0.627569254620244,8039.83704074482,1358.3944737426,"143",1,5,24.4035087719298,90.8333333333333
"375","SAF80",19,2345,488.9129024182,9.21968890772297,13.875,74.125,0.647267597056524,8030.0484105787,1362.82724549781,"138",7,9,NA,27
"376","SAM94",22,1247,188.903515667922,7.17782775584369,9.1875,74.5,0.632218930372699,8039.05715715038,1359.28819920778,"139",5,10,28.1646090534979,11.1818181818182
"377","SAM95",4,242,36.6787983891397,1.08491486120747,9.5,74,0.598952003532688,8039.13062033476,1359.13280602498,"139",0,1,27.475,25
"378","SCO74",12,1142,144.67904992598,1.25053417885655,9.2,74.2,0.485389779611202,8016.06079847806,1362.26173768997,"127",2,5,8.26060606060606,13
"379","SCO76",18,2421,375.450459888182,5.02835982676404,10.125,74.6,0.60553685044929,8026.50643822463,1362.13587767428,"127",7,11,NA,8.08333333333333
"380","SCO83",7,518,68.4957183226097,0.947043605293764,11.75,74.3333333333333,0.597829853852863,8031.60448922928,1362.78704827367,"127",1,2,NA,18.3333333333333
"381","SCOLL",19,2045,458.41281933919,5.41785974872304,8,74.2,0.611660669734539,8031.39286518703,1360.82208513242,"127",9,11,NA,5.58333333333333
"382","SEM95",19,929,177.191460280611,1.06807659412046,6.6875,74,0.490310719772987,8042.3138183798,1379.02333128489,"155",1,9,NA,15.5
"383","SEP84",12,448,89.5864997121282,0.185952258331791,4,74.5,0.389012732574923,8036.84589386913,1384.59772089779,"158",2,7,NA,10.75
"384","SEQ01",16,1221,188.251274444388,9.17969560304569,46.0714285714286,67.5714285714286,0.65377266551644,8038.69459515363,1359.24550372265,"147",7,12,18.5684210526316,62.2307692307692
"385","SEQ96",15,1301,202.263587766884,7.94015120755602,49.5384615384615,70.4615384615385,0.664279487254946,8036.2463238368,1360.48981343076,"147",5,6,20.9770833333333,89.2857142857143
"386","SEQ99",14,1179,168.594546908084,7.3182866131869,52.0833333333333,69.6666666666667,0.671143982533906,8036.30402908023,1360.39697094254,"147",2,7,20.3982869379015,85.5
"387","SES89",7,485,77.8134033478855,3.04695451370383,12.5,72.3333333333333,0.7143388593382,8036.04208569912,1365.3807128692,"155",2,3,NA,26.25
"388","SIC78",14,505,102.968136376166,0.227305927223028,0.9,75,0.312232239885731,8034.97878291803,1388.0377873942,"161",0,5,NA,5.16666666666667
"389","SIE82",11,1427,340.029643374156,5.11792405113765,15.75,73.1428571428571,0.613492248225964,8030.90358959195,1362.47078931301,"140",1,3,22.2355072463768,48.25
"390","SKA82",11,516,55.5696311819925,0.30608183568971,5.14285714285714,74.3333333333333,0.49324836349106,8028.40874936781,1378.00099322416,"165",0,3,4.21212121212121,14
"391","SKI94",8,415,80.9855347974725,0.468132328182558,11.6666666666667,74,0.540969153511356,8045.30239659867,1375.29085732953,"155",0,3,12.4096916299559,23.25
"392","SLA03",9,84,18.4339362328355,0.033699367692235,3.33333333333333,75,0.252222417793637,8036.5577485061,1389.84891602035,"152",0,4,4.54285714285714,10.2
"393","SLA07",11,98,22.48426099428,0.0413677246892743,1.16666666666667,75,0.241746977675189,8035.83150048692,1389.68681111823,"152",0,6,5.64,10.4285714285714
"394","SLE76",6,34,5.20436698763926,0.0217639599203407,10,75,0.20587350343305,8005.44750473726,1363.33293006631,"106",0,2,8.78571428571429,20.6666666666667
"395","SLE77",7,78,12.2301380957863,0.0363191023443433,8,72.5,0.297324449085034,8003.42039622575,1362.0386153853,"106",1,4,5.54166666666667,15.4
"396","SLL09",5,220,28.4360701692832,0.730039944422604,10.3333333333333,72,0.692125518815753,8040.16114216426,1364.10979473721,"144",0,2,16.1165048543689,35.6666666666667
"397","SLO01",13,1045,129.945754437948,4.76589019888099,51.7272727272727,67.8181818181818,0.712221656292446,8038.07365939877,1364.68319103474,"147",2,6,17.6581740976645,89.5714285714286
"398","SLO05",13,1009,137.210545659403,5.2204653697436,39.3636363636364,65.6363636363636,0.700916238409162,8037.43132020773,1364.2386986622,"147",2,4,15.5378151260504,102.6
"399","SME84",16,1817,381.657650569371,8.08736204549438,4.07142857142857,74.7142857142857,0.662778708582698,8036.86286050504,1364.51876057116,"141",2,6,NA,6.85714285714286
"400","SNI77",11,1594,390.512762270388,6.92447522700909,16,73.5,0.628584902431278,8036.70798616669,1363.34839407363,"140",1,4,NA,44.8
"401","SOB68",24,2366,575.509593178753,3.46900460368422,7.22222222222222,74.2857142857143,0.396526925811238,8008.35742936685,1364.36750988541,"101",3,13,NA,8.92857142857143
"402","SOBHR",14,334,201.827373063077,1.1426972285064,5.5,74,0.379817142840408,8013.68160173213,1362.46992513469,"101",7,7,NA,11.125
"403","SOOTY",6,160,48.8886035686669,0.287019158668326,1,74,0.746744602632028,8036.57197106982,1373.00966459449,"149",1,3,NA,1.25
"404","SPI97",4,80,10.7939462467745,0.123692586688247,25,74,0.656815093635637,8023.95378252005,1365.49462527699,"133",0,0,17.7777777777778,0
"405","SPREA",14,181,60.8167406781247,0.365454287375946,1,73,0.509896237512542,8014.66800307673,1369.65261121855,"104",1,5,NA,1.5
"406","SQU95",6,65,11.8780738171494,0.329690381267008,36,69,0.555360764136292,8030.77928534616,1359.85401568355,"143",0,2,27.6842105263158,139
"407","SRL91",16,1031,156.31880633384,3.03879266974278,19.7142857142857,73.5454545454545,0.562300689333019,8019.42432711958,1364.10768081142,"138",4,9,16.4331550802139,33.6
"408","SSK06",9,670,58.2609838086961,1.32870067452812,5.71428571428571,74,0.703642344205098,8038.32119628807,1370.69327459112,"151",2,5,14.0974358974359,16.6666666666667
"409","STA97",12,701,105.021115447915,1.06826084816046,23.7,69.8888888888889,0.618286968533214,8043.99286714862,1371.97658906521,"144",2,7,NA,36.75
"410","STI02",15,383,79.8516115038581,3.84310599996039,36.5555555555556,70.2222222222222,0.59610722569289,8040.83600865966,1357.39695172199,"143",4,10,22.5897435897436,70.3636363636364
"411","STI96",17,1414,261.285913504138,11.9602325015338,38.2,70.5333333333333,0.627494796796846,8039.23038771089,1358.21004553298,"143",4,10,NA,61.6363636363636
"412","STO96",16,1425,218.140819447574,8.1439720584144,38,70.3571428571429,0.703212139781066,8036.86242432146,1363.32559627903,"143",3,9,NA,70.3
"413","STO98",18,1661,220.671159028168,8.7527672848382,37.0625,70.375,0.709481877974969,8037.056914008,1363.39980206286,"143",4,8,18.1736526946108,72.7777777777778
"414","STR00",8,318,70.3155765036136,0.435576341585363,19.8333333333333,72.1666666666667,0.527866903950775,8042.256799555,1377.43156314574,"153",1,2,NA,47
"415","STR96",17,792,164.802741382726,1.0328149532656,17.0666666666667,72.4666666666667,0.508195868133708,8042.10528215245,1378.27292120518,"153",3,5,NA,36.8333333333333
"416","SUL90",19,1171,226.763852139699,1.51567788078687,14.7647058823529,73,0.557782555210597,8043.47104153495,1375.72462266563,"151",1,10,13.765306122449,23.3636363636364
"417","SUL94",12,650,130.762336516278,0.882293327462826,16,72.4,0.579304592196346,8043.92729697861,1375.31781765397,"151",1,9,NA,24.4
"418","SUL96",3,39,4.53111496513429,0.0181432697657903,18,67,0.590907976056399,8043.28167076369,1374.38907161342,"151",0,0,9.14285714285714,0
"419","SUN93",16,1147,183.782721728944,4.27403144988311,21.1538461538462,73.3,0.610204956026048,8024.08419145992,1363.38394717227,"138",5,7,NA,37.125
"420","SUR87",20,1340,213.524203042035,2.77063460297536,21.7647058823529,73.5,0.500650405149947,8015.44171784959,1363.68411018114,"132",7,10,13.1593533487298,45.4545454545455
"421","SWI88",15,975,201.767839858021,1.06337216171206,16.4615384615385,73,0.547475748333403,8042.19907750174,1376.54848411231,"151",2,5,NA,31.8333333333333
"422","SYC91",17,1382,230.511407313545,8.63107403141682,38.0714285714286,71.9230769230769,0.663565065854559,8035.65202025879,1361.04333500801,"147",7,9,NA,74.2
"423","TAL70",14,1902,726.948072812836,8.33223891022125,11,73.875,0.685773462603206,8036.07819758292,1363.4734649749,"141",2,6,NA,14.8571428571429
"424","TAL71",13,1853,646.129341058702,6.91567311545636,11,73.875,0.692031325719469,8037.52419874854,1364.90331455946,"141",3,5,NA,16.1666666666667
"425","TAL73",7,825,147.006557009775,2.34699107803539,12,73.25,0.730800300916602,8038.18908446453,1366.65383803272,"141",0,4,NA,19.8
"426","TBONE",9,305,34.9300526871864,0.202844231873456,1.25,75,0.383953117278287,8012.20955039962,1364.83500597654,"108",3,5,7.61818181818182,2.33333333333333
"427","TEA76",13,1982,462.028098104151,7.67207336524387,9.72727272727273,74,0.645757800993916,8037.92239980787,1364.82843683775,"141",1,6,NA,13.5714285714286
"428","TEA78",13,1796,425.21479919783,7.26368824850594,8.4,74.2222222222222,0.636209361751003,8037.10573511573,1364.16954915454,"141",2,5,NA,11.5
"429","TER80",17,1570,321.101391846038,2.24815993001408,15.2,73.2142857142857,0.565298673129978,8044.00164546507,1374.66898604965,"151",5,11,NA,21.6666666666667
"430","TER83",10,896,204.748477845147,1.17552661126201,14.5,72.4285714285714,0.531798761597089,8042.92031072936,1376.61110490262,"151",2,4,12.1433333333333,39
"431","TER84",9,885,195.867247018717,1.17797636353156,14.2857142857143,72.6666666666667,0.548542870186461,8043.62202428317,1375.44622025796,"151",1,4,13.6931818181818,39
"432","TER85",17,1321,266.406778623834,1.46019448123285,15.9333333333333,72.6666666666667,0.553841724873542,8043.8147468776,1375.37665236077,"151",3,7,NA,27.25
"433","THI72",6,525,110.966053054287,0.838917088286506,10.25,74,0.57755507064449,8023.09808452021,1361.74904294909,"106",2,2,NA,23
"434","THO80",5,285,35.3910793281647,0.47026014426662,17,74,0.580092744468106,8022.39074022118,1361.76370332294,"132",1,2,10.8571428571429,71.3333333333333
"435","THO81",14,1647,277.627704291975,3.58650032545754,25.3636363636364,72.7,0.594327378756253,8021.73713140774,1362.67316293034,"132",4,5,NA,44.3333333333333
"436","THO82",18,2084,371.625508689219,5.19830740979209,25.875,72.9166666666667,0.583871322249556,8019.38034177917,1363.07061616968,"132",8,9,NA,34.8
"437","THO86",14,886,154.381834777219,1.53587921857635,26,72.8888888888889,0.348273685780552,8007.47772703168,1362.79106524572,"132",5,10,10.9671361502347,43.2727272727273
"438","THS96",11,873,130.202385153571,4.17331263439659,10.375,74.3333333333333,0.715218911601042,8033.2897698362,1364.07026036668,"139",1,5,23.8192771084337,14.6666666666667
"439","THS98",8,653,80.8159706768759,3.09521958166011,10.5,74.5,0.7242560947923,8036.05998013862,1365.72004763666,"139",1,2,21.3949044585987,17.6666666666667
"440","THU91",16,1401,222.013542574826,7.83236765977228,14.7857142857143,74.3,0.682529678660936,8033.48369845523,1362.58331941484,"140",6,7,21.887417218543,30
"441","THU94",13,1172,202.646475676474,7.08002808811884,15.2727272727273,74.4444444444444,0.682109679716031,8033.82788789263,1361.91179684784,"140",6,6,26.002538071066,32.5714285714286
"442","THU96",14,1228,205.797743204178,7.73820189359964,16,74.5,0.698747354978406,8035.64623164977,1362.95465020134,"140",1,6,NA,28.8571428571429
"443","TIK01",6,148,17.7369206603245,0.293444272242652,10.3333333333333,75,0.470194241930514,8011.12119766154,1365.57075163562,"133",0,2,8.26229508196721,23
"444","TIN00",16,1219,150.852809578056,5.2202120653912,14.8571428571429,74.0769230769231,0.678918348004538,8030.61523453342,1363.63958938536,"140",5,7,19.0888888888889,27.875
"445","TIN98",20,1722,257.518387564979,10.1962727672753,14.1764705882353,74,0.694740347748854,8034.30353976306,1362.25619551672,"140",7,11,19.9046961325967,23.1666666666667
"446","TIT84",16,1848,429.422928695862,9.65434651650944,7.64285714285714,74.4444444444444,0.632417806392545,8036.75383758088,1361.70600525027,"137",3,8,NA,14.7777777777778
"447","TNG99",16,1419,211.874915327188,8.52173963243631,10.0769230769231,73.7,0.702111836745527,8035.65522706328,1363.50614862857,"130",1,5,NA,54
"448","TOR72",12,1354,374.943240646513,2.25557026113394,13.3,73.3333333333333,0.595058588263031,8044.22915150777,1374.60620908116,"151",3,6,NA,34.2857142857143
"449","TOR75",15,1758,351.812284256699,2.27609748909847,15.0769230769231,72.5555555555556,0.571948130863891,8042.93202964871,1376.37301676383,"151",4,8,12.5573770491803,29.6666666666667
"450","TOR78",11,1102,247.894603017941,1.46972914330097,15.1111111111111,72.75,0.542414733135487,8042.92672454463,1376.36142595579,"151",1,8,12.5907859078591,28
"451","TOS96",7,215,26.8075814389277,0.597665483006358,2.25,NA,0.609791682891269,8028.84326877337,1368.04872871496,"165",0,3,19.6136363636364,12.5
"452","TRK87",21,1364,325.809260897435,9.64317730119368,29.8888888888889,72.1875,0.554638700377497,8039.72037135252,1356.80926115809,"143",4,13,NA,51.4285714285714
"453","TRN69",12,1169,479.509674587452,2.87747428612493,12.125,73,0.612461616903411,8044.10765443574,1375.01675476167,"151",6,9,NA,22.4
"454","TRN72",14,1651,424.796379672694,2.73109932442352,13.9166666666667,73.25,0.586546180553334,8044.50906616806,1374.64261727741,"151",6,9,NA,24.6
"455","TRN74",14,1722,269.355369737358,2.44508003112751,15.25,73.375,0.623873670580175,8043.20244555733,1373.21774560859,"151",4,6,6.48202959830867,32.2857142857143
"456","TRNRI",17,733,388.27757671764,2.29392220156859,10.4,74,0.602322002013564,8045.94196219056,1373.62626565815,"151",7,10,NA,19.6363636363636
"457","TRT98",17,1130,172.939931904566,5.00591553260219,20,73.1428571428571,0.639383657678858,8027.77721984935,1362.2980852241,"138",1,9,22.4986945169713,27.1
"458","TUI12",5,48,8.05547960934997,0.0676445673195124,25,69.5,0.339620888349761,8008.22109013048,1361.80512454123,"143",0,2,7.19047619047619,84.3333333333333
"459","TUR83",17,1851,322.301479696222,4.56541558679587,24.4285714285714,73.625,0.592077381144473,8019.48049960271,1363.34095924825,"133",6,10,NA,21.3636363636364
"460","TUR85",15,1469,260.017174085646,3.42595416509057,25.7692307692308,73.6666666666667,0.561565863095278,8017.55122895334,1364.57121346621,"133",2,8,NA,139.555555555556
"461","TUR87",6,452,83.9785008180934,0.916880357734824,24,74.5,0.553367157820398,8019.46238525639,1364.01858702085,"133",1,1,19.62,72.5
"462","TWE93",7,119,21.2296669420372,0.0447211161290896,3.6,74.3333333333333,0.30737315345681,8035.72308912307,1386.57241936017,"158",0,2,4.55882352941176,17
"463","UKL06",5,96,14.5250946795378,0.839591911211258,12,NA,0.65834920895422,8041.00538084946,1359.73164226111,"137",0,1,27.5652173913043,33
"464","UMB80",15,1998,546.476344618058,10.5485462420479,14.6923076923077,73.2,0.612344861752188,8035.65892165566,1362.61118232916,"140",4,8,NA,27.8888888888889
"465","UMB84",13,1536,418.123168338528,8.87531125651169,13.8181818181818,73.3333333333333,0.632475246496421,8035.95670015539,1362.79253595747,"140",3,3,NA,42.75
"466","UPR68",15,1250,452.204874986823,2.55544834296738,12.9,74.3333333333333,0.588986771007501,8042.38445734131,1377.84796696391,"155",7,9,NA,19.9
"467","UPR71",15,1756,551.272226399583,3.43198067138455,13.9230769230769,73.7777777777778,0.573149113605019,8044.75639114985,1375.29422195364,"155",8,11,NA,19.25
"468","UPR74",14,1333,264.882602797564,1.36283053396359,15.8333333333333,73.9090909090909,0.543625770440204,8041.22434412689,1378.16515812325,"155",3,7,10.2878464818763,25.5
"469","UPRHI",17,506,302.344834217954,1.65046187188901,9.25,NA,0.553375586308477,8041.31609302695,1380.37755971243,"155",8,8,NA,19.6666666666667
"470","UPT74",12,1785,303.051756056155,4.59150293589145,9.9,74,0.691445614365752,8034.19464183219,1364.64218819009,"143",5,7,15.7944785276074,57.125
"471","UPT77",8,849,166.584627446508,2.65032715254163,10,74.75,0.62406327317806,8033.80191761336,1361.1957613855,"143",3,4,13.728323699422,89.8
"472","UPT78",15,1962,427.944106331958,6.84488229096951,15.25,74,0.594779346958726,8033.6681015132,1360.72407100411,"143",6,12,NA,36.4615384615385
"473","UPT79",15,2001,376.016885750163,5.58421840639505,16,73.7,0.587245127956769,8030.1033346233,1361.56929513428,"143",5,9,NA,47.1
"474","UPT82",7,825,198.868895447847,3.62006650401706,15.2,72.6666666666667,0.560805620817421,8037.04910328506,1359.3284771201,"143",1,4,13.5307262569832,91.2
"475","UPTUR",16,1808,613.50816436862,6.84641899782401,6.6,74.75,0.653135349819591,8039.31622065562,1363.27597105712,"143",9,11,NA,37.0833333333333
"476","VER78",14,1948,557.208427896056,9.82494858408119,6.63636363636364,74.75,0.603023055010599,8035.98888804588,1362.38501315251,"136",2,9,NA,8.4
"477","VER79",14,1886,550.061570665473,9.52266534431354,6.90909090909091,74.5,0.615497741630411,8036.47336136901,1363.08032251549,"136",3,8,20.4368932038835,8.11111111111111
"478","VIO89",18,1524,264.019540698799,10.3420450727965,9.42857142857143,74.2222222222222,0.644068185546234,8037.14656346897,1359.89841916086,"137",6,9,NA,16.2
"479","VIO96",12,1136,189.967209311223,7.0433937314505,11.2,74.1428571428571,0.711838433228576,8035.70470722787,1364.29926607302,"137",2,5,26.4455958549223,23
"480","VIO97",15,1236,196.529285619547,7.768490799137,11.6666666666667,74.1428571428571,0.712990314209398,8035.78200314203,1363.63383842758,"137",1,6,23.7482837528604,19.5714285714286
"481","WAG95",13,806,97.8312555671371,0.936723162619811,14.8181818181818,72.6363636363636,0.614033729375299,8040.22206942706,1375.89241925071,"151",1,5,14.2490272373541,23.8333333333333
"482","WAG96",16,857,116.016389238391,0.981128590950577,12.5384615384615,72.8461538461538,0.582774088450121,8039.17531756062,1376.78870455093,"151",3,7,13.314381270903,18.75
"483","WAL03",13,836,102.378985336122,1.86821468577831,47.6363636363636,67.7272727272727,0.676056195473439,8042.66487185482,1370.38081478221,"147",1,9,11.4799107142857,77
"484","WAL06",12,652,86.9019874363018,1.86411972973208,37.1,65.6,0.67146515737009,8042.95192133098,1369.65353563329,"147",1,8,10.4033412887828,83.2222222222222
"485","WAN83",5,185,28.1968647117446,0.14058326050547,23.5,71,0.276613988728594,8002.67621233544,1363.33728408491,"132",0,1,6.8125,92.5
"486","WAS10",8,458,54.6715002213457,1.67495024042762,26,63.6666666666667,0.691948541639017,8041.45397505376,1366.62699683866,"147",0,3,10.0622009569378,97.5
"487","WAX80",12,994,154.387377040599,0.945130094803666,24.5555555555556,72.5,0.337655048977582,8004.53252108059,1362.76849312049,"132",5,7,8.42929292929293,35.5
"488","WHA83",12,1480,403.879905694326,7.37059149498699,17.6666666666667,73.1666666666667,0.6364074855478,8036.1924425072,1364.00589828438,"143",2,5,NA,75.3333333333333
"489","WHA87",14,1344,290.477491084939,7.52141770285433,25.5,72.5,0.666543520569053,8036.65138080629,1363.04298835221,"143",5,7,NA,66.25
"490","WHA89",13,1084,178.636686544751,6.40158227152235,27.8,71.5555555555556,0.693791922601618,8036.85576285782,1363.81367822323,"143",3,7,19.300283286119,64.375
"491","WHE77",12,1105,241.624586436145,1.19549721540265,16,73.4,0.514368954479216,8042.01132484288,1378.6060864001,"155",2,7,10.1953727506427,26.375
"492","WHE84",12,790,161.771661495153,0.6986311793421,15.2222222222222,73,0.504155910186206,8042.17227089129,1378.32962396439,"155",3,6,NA,25
"493","WHI73",17,2047,256.557180564266,2.53235682937124,18.4666666666667,73.1,0.490771077848756,8013.64777742574,1367.458750586,"132",5,11,NA,22.5833333333333
"494","WHIGR",14,1602,475.522928502206,3.66848821559471,10.6666666666667,74,0.624333401780349,8022.57526209148,1364.94696875294,"132",5,8,NA,26
"495","WHO79",7,673,110.843932187973,1.63078372226286,2.8,73,0.657914234773554,8038.60223010024,1367.7853516544,"150",2,2,7.6031746031746,7
"496","WHO83",3,112,10.7309487727731,0.148094125955601,3,73,0.617751903924049,8036.27457433781,1367.63387770494,"150",0,0,8.6,0
"497","WHZ02",13,1105,153.660966173298,5.98078563530692,38.6363636363636,70,0.693730462451731,8033.28388471336,1362.71933839554,"143",1,3,NA,103
"498","WID74",5,359,42.0259758963524,0.431495537421556,5.66666666666667,75,0.589103131259205,8022.48943818752,1362.38086293618,"123",0,1,6.16949152542373,14.5
"499","WID85",11,118,14.3369546909575,0.110707799383703,1,NA,0.630397548394639,8026.69720192595,1362.83017648663,"123",0,2,7.38461538461539,12.3333333333333
"500","WRE07",11,395,62.7018586809483,0.676619497237862,3.66666666666667,74.1428571428571,0.547800911065309,8039.56858240265,1377.81088364448,"151",0,4,13.0265957446809,15.8
"501","YEW99",15,766,146.415351851684,1.28471646019073,50.6153846153846,68.8461538461538,0.550635308350019,8042.52896693042,1376.32494714072,"147",3,6,13.8238636363636,90.1428571428571
"502","YEY80",7,105,16.12286546427,0.0753687771710591,1,75,0.429459135188508,8012.82618569994,1374.27150968032,"112",0,2,5.06896551724138,2.66666666666667
"503","YHO71",18,2755,893.478613657754,11.6618687503899,14.0666666666667,73.8888888888889,0.661779200134899,8034.29881234552,1363.21301734169,"140",7,10,NA,22.4545454545455
"504","YHO74",16,2298,400.513605688235,5.6817516584861,15.2307692307692,73.1111111111111,0.63464181178167,8024.60864191564,1365.07183602623,"140",3,7,NA,30.875
"505","YOS01",13,1045,137.610805688628,6.27245867882848,51.7272727272727,67.8181818181818,0.672569811531258,8036.76751239954,1360.05958058741,"147",3,4,19.1889168765743,110.2
"506","YOS10",5,232,26.2346714106083,1.11304989512009,37,65,0.704514178699438,8036.40762501767,1360.7683277828,"147",0,0,17.9677419354839,0
"507","YTA72",14,2119,468.339305067316,5.0749714277302,13.75,73.7142857142857,0.627695807938067,8025.68173928041,1362.39380073758,"132",5,8,NA,28.3333333333333
"508","YTA73",5,407,54.7588731470618,0.82877480970403,10,74,0.625250891615733,8026.28363969623,1362.43972730453,"132",0,1,NA,108.5
"509","YTA75",11,1449,242.445581337478,3.68274354942742,15.5555555555556,73.7142857142857,0.643436931668661,8031.1003254961,1362.37119721716,"132",1,6,NA,37.8571428571429
"510","YTAGG",15,1318,515.552309856198,4.99293623707312,9.71428571428571,74,0.644001089824263,8035.04103258965,1360.90096733059,"132",7,11,NA,19.25
"511","ZEBRA",16,229,50.4460913798206,0.0825940634204741,5.8,74.3333333333333,0.276738966546071,8035.54038813469,1387.44905218587,"165",0,4,6.32098765432099,11.6
"512","ZUC01",16,1326,209.481963663299,8.26332608680392,14.2142857142857,73.8461538461538,0.707864234030705,8034.32530885195,1363.28138821486,"140",0,6,24.1479289940828,28.5714285714286
"513","ZUC03",15,1177,186.447396956831,7.24719456215578,13.75,73.7272727272727,0.682389715501462,8032.99900614933,1362.56506641803,"140",1,5,22.921686746988,29.3333333333333
