"id","lifespan","censoring","strength","eigen","degree","matSize","LRS","LBS","sum_degree","sum_strength","sum_eigen","meanE","meanN","sumHRO","meanHRO"
"ALB93",5,1,-0.695630466363299,-0.99448601682668,-0.869731653686042,-0.0391304667664727,0,3,-1.09784002816259,-1.06745761646141,-0.866005442519595,1.47061560726605,0.496839015386191,-1.16724182232284,-0.843404978375604
"ALB94",8,1,-0.374489018462061,-0.948418250814001,-0.739432281412895,-0.174006117689602,1,3,-0.659476992469898,-0.48428367389355,-0.801127825412905,1.29435241934918,0.797675980172611,-0.997662315210839,-0.881225507759936
"ANK89",14,1,-0.364457064403256,-0.738788214305662,-0.0329166659653128,0.297230186027092,5,9,0.246929909457185,0.0446109099901228,-0.549137632350752,0.267027172584617,0.842981797261542,0.661945154207763,0.345646963574079
"ANK90",12,1,0.0522278132494363,-0.571335397914195,0.686831505350679,0.279832221227427,3,5,0.555153918928612,0.178632759503086,-0.43592849580845,0.130634360228884,0.746175069690214,0.494289289259904,0.485497418034899
"ANK91",8,1,-0.587918988327972,-0.72512775069347,0.0123608072946758,0.343624758826204,2,5,-0.476825727597942,-0.69623274931074,-0.698721754491422,0.122049172289274,0.595662483985575,-0.371833820983477,0.525756867823192
"ANM02",13,1,-0.403552210917079,-0.743360821737212,-0.186750972704066,-0.433484335558923,1,6,0.139622291344911,0.0172478842994336,-0.55347928397905,0.994586833342629,0.864197760608608,0.408508159883184,-0.35106893685864
"APH95",5,1,-2.19715756959271,-1.07090381528344,-2.02785304803488,0.5477608791423,1,1,-1.33985295411794,-1.36857076893917,-0.888458431305831,NA,NA,NA,NA
"ARA11",7,1,0.171846221897526,0.463121162219,0.906454526247919,0.0731443994073816,1,2,-0.344403560565773,-0.571409021158216,-0.218399870797144,-0.146066661320008,0.462488792977213,-0.479708666909262,1.20303253933061
"ARI96",5,1,-0.608298953363983,-0.877632164117329,-0.425685108702552,0.139488638510115,1,2,-1.01336381815931,-1.05078741581994,-0.835745878912733,-0.517065583666611,-3.8875417187819,-1.37612706708567,-2.94895181534369
"AST90",11,1,-0.116779779721069,-0.802676198447653,0.130373177357853,0.284085057067349,2,5,0.0437303772871337,-0.0757692887264646,-0.661433011406726,0.56818921153819,0.987486939723773,0.122090697797561,-0.0308324469329705
"ATH87",15,1,0.0207144857635623,-0.587504388676284,-0.0460089473898889,0.227638326828424,5,7,0.237797346213587,0.314195755229489,-0.405494934456468,-0.547394142180837,-2.93302072637899,0.00874742878885806,-0.982769710681423
"AVO89",15,1,1.36697266846809,1.47099249212007,0.942458300165499,0.656208193060228,6,7,1.13735482570797,1.49772740030874,1.77110456034686,-1.2337739019004,0.277147915133116,0.696337265256596,-0.106717121110966
"AVO90",14,1,1.59699993497735,1.58172483120914,1.3114969828207,0.656208193060228,3,9,1.41818114544861,1.67336162690219,1.88580209681018,-1.05062023112791,0.188100701084545,0.901814252879538,0.411080847159174
"BAC98",9,1,-0.00519142370792095,-0.67581213133252,0.0526507447738724,0.350915334551779,3,5,-0.307873307591382,-0.319799882851345,-0.63641325775516,0.63347756213655,0.910015418926705,-0.251820247764456,0.0944274237418645
"BAR80",13,1,-0.622401429488432,-1.09027066160381,-1.93784361324093,-0.409127184839391,4,9,-1.32843725006344,-1.16817345594689,-0.891801823098273,NA,NA,NA,NA
"BAR83",12,1,-0.131987569942428,-0.927578468925009,-0.677711526125615,-0.523953752517194,4,6,-0.954002157075928,-0.813968950786679,-0.833643682337001,1.235874309862,0.983592292816445,-1.14563136423561,-0.625573260665376
"BAR84",11,1,-0.581626951057287,-0.947487315590553,-0.614704921769849,-0.523953752517194,0,6,-0.938020171399632,-0.928407652114697,-0.840517602172732,0.895868226972442,1.08090565546104,-1.31269680698273,-0.403003986466938
"BCL84",9,1,0.40564869181551,-0.500416808961768,-1.03774926530142,-0.141198526924517,0,3,-1.21428020951847,-1.03734781464026,-0.789972516610227,-0.8505790800109,0.185921407092237,-1.49268177581312,-0.125979584004458
"BCL87",6,1,0.31152267194757,-0.570389769080217,-1.12775870009537,-0.141198526924517,0,1,-1.22569591357296,-1.04932592412898,-0.802052285132314,-1.13212076841889,-0.00742958817954035,-1.49533759810286,-0.206291023350876
"BCL93",15,1,1.57077009444787,1.78390687658153,1.19448471758856,0.382881705040836,5,11,1.55516959410257,1.90757550508099,2.34430832651177,-1.21509311774169,0.235659586320822,1.02449051593789,0.193841541353025
"BCL95",10,1,1.93853711617351,1.84596007556885,1.49794509775101,0.580568469907385,2,3,0.333689260271364,0.545929663016599,0.887296553239358,-1.22136002402887,0.1842590102662,-0.215890561855783,0.249642455675839
"BCL96",12,1,1.99186118221813,2.07448709963317,1.4825149089292,0.403164460585066,3,5,0.815431971371149,1.13174905290411,1.57371038712937,-1.09749212650905,0.16677358570452,0.25216757869917,0.406222462420134
"BEA00",16,1,-1.6337536457768,-1.04141136657542,-1.26920209762872,-1.30586799908509,0,8,-0.406048362460059,-0.692749360661141,-0.820845298468711,2.07378912984591,-0.0311435627160844,0.308365530523339,-1.80416013659502
"BIE01",12,1,1.00623151170032,2.22063131563594,0.0603658391847817,-0.990915127740259,1,7,0.157887417832106,0.785646673865696,1.97402468924817,-1.41273863793557,0.383570041470331,0.325891670869133,-0.0237330062943496
"BIE97",13,1,1.36864385262702,2.05093245620075,0.451497746743951,-0.990219209148272,3,6,0.584834749470304,1.25762298811337,2.09967827256099,-1.42079113987943,0.436507853314333,0.493841179255555,-0.116482539607883
"BIL84",16,1,-0.0129810767354477,-0.74376879528965,0.0623660488468711,-1.44256629393962,3,9,0.00491698350184301,-0.0163287106693322,-0.61567040440373,0.387797544105518,0.660393834594834,0.0472895667917255,0.447908850260058
"BIT01",8,1,-0.568931956924261,-0.127313315759261,0.294390369649054,1.55568297320302,2,4,-0.369518109485667,-0.688984103038272,-0.389111014245039,-0.79922962719487,-0.545346230033007,-0.54926513427824,0.782358307335784
"BNX93",18,1,0.706033448011278,-0.776162570836659,-0.363278567245414,-0.146301929932422,3,7,0.525473088386919,1.59073559573571,-0.472201344439662,1.49879199838176,0.731719025610975,0.721784461169091,-1.25861882529707
"BNX94",14,1,-0.243115585911232,-0.90513922144436,-0.850015301302606,-0.124794731541975,3,8,-0.0338964102834477,0.546020798167257,-0.656168089374876,1.49529329905143,0.702034184134147,0.136095184040267,-1.09995112850458
"BNX95",16,1,0.274705703218298,-0.805078452027133,-0.456545486346194,-0.190409913072144,4,5,0.315424133784169,1.00729219515584,-0.535250287489804,1.52487056297511,0.689344182290465,0.466871915032321,-1.10325499018002
"BREND",NA,1,-2.14185682994812,-1.09536133875823,-2.24387569154036,-1.51911733905815,1,3,-1.35126865817243,-1.32550516761863,-0.89157400931262,NA,NA,NA,NA
"BRF79",14,1,-0.2513357887328,-0.970499852243801,-1.46979455231238,-1.25118868114328,4,8,-1.26907558898005,-1.12095309245222,-0.871125212442917,-0.689777200998587,-1.32812463560611,-1.52199941750513,-1.01253815067682
"BRG94",1,1,-1.81083881403869,-0.814617601182129,-1.36178323055964,0.241556698668159,0,0,-1.31930468681984,-1.35848550592023,-0.869000901508938,NA,NA,NA,NA
"BSY04",6,1,-0.883277305443019,-0.527228057191374,-0.110652086923725,2.92084327781689,1,2,-0.810164285989262,-1.00518134290096,-0.695414849562791,-0.533598709050655,-1.67084605985612,-0.847400125721518,0.254747780424084
"BUC81",0,1,0.818264284183464,0.988720293603002,0.755238675794082,0.0272137723362603,8,11,-0.392349517594662,-0.365757429377159,0.00844189178448181,-1.11218371539064,0.072894175107666,-0.894882810009433,-0.104218511666182
"BUC82",18,1,0.0652045112739666,-0.800553657871646,0.0583656295226923,0.241556698668159,2,12,0.00263384269094356,0.0284444552117376,-0.659784101676871,0.519856439705102,0.815585860786013,-0.197722348079788,0.328128526736743
"BUM06",6,1,-0.92198504759984,-0.667740540991973,-0.72271624352259,2.51895029094458,1,2,-0.965417861130425,-1.01503293493185,-0.743929540835007,-0.0670855058062015,0.660611467936081,-0.769017174062121,0.847318270956043
"BUT06",6,1,0.0377510215387699,1.65423314391091,-0.290670956511626,-0.543091513796828,0,2,-0.855827102207251,-0.77076841099812,0.0577774208406143,-1.2162752744903,0.388434989309734,-0.821385873688031,0.451413991149217
"BUT96",12,1,1.21612801254323,1.27750290202604,1.44291075761987,0.341073057322255,3,8,1.0346134892175,0.919199716473984,1.1599407271201,-0.845228781929361,-0.161984279086442,0.521860929598727,0.568873407810548
"BUT98",7,1,0.989389724824902,1.42057600360472,0.748037921010565,0.425279206952644,0,1,-0.394632658405561,-0.311315542128995,0.194825210531172,-1.17297231439408,0.1696688492499,-0.624644833824847,0.326465441952654
"CAF96",4,1,-1.2217930783678,-1.04332520932269,-1.19976624793053,0.0119035633125533,1,1,-1.23482847681656,-1.24444969504603,-0.883697403966073,-0.660900472570297,-3.51769782880512,-1.44481205212723,-2.4005709054116
"CAL82",13,1,1.01262732522941,0.795955986622011,0.132373387019942,-1.30860196498218,4,6,-0.748519484094977,-0.522650512887861,-0.238559603355443,-0.75192744989051,-0.119016349707411,-1.05461332989037,0.291881366348936
"CAL84",16,1,1.21040021167802,1.02818966624356,1.07847255718747,-1.11084509842596,3,9,0.584834749470304,0.684243540003607,0.760887283655892,-0.798543260309724,0.238269006836852,-0.160859492842105,0.487374818714863
"CAL85",3,1,-2.37849295165664,-1.09980675083749,-2.22587380458157,-1.36601524882108,0,1,-1.37410006628143,-1.39460422963578,-0.893617688529354,NA,NA,NA,NA
"CAN87",7,1,-1.68613473556777,-1.07241346287317,-1.57780587406512,0.0119035633125533,1,2,-1.33300353168524,-1.35055082904922,-0.891253171027824,-0.144875098393652,-4.34440532738117,-1.62308355366596,-4.06929857532169
"CAP84",15,1,0.677131601111257,0.778798322036698,0.933457356686104,-0.552660394436644,3,8,0.292592725675174,0.181485132832835,0.40482004580466,-0.639333104200294,0.0980573763170866,-0.112046587469019,0.698244924441132
"CEL95",3,1,-1.34597577380596,-0.926525389448802,-0.677711526125615,0.777414014497906,0,1,-1.27592501141275,-1.32890717890196,-0.878660491268982,0.246672714153124,1.26471266423968,-1.52614741155846,-1.13797251204582
"CFI94",15,1,1.52901826510465,1.81993709918733,0.798443204495178,-1.00681419095719,4,9,1.22868045814395,1.87303986981736,2.38473878511912,-1.2419207615216,0.337774921105183,0.583041858355571,0.128736322871156
"CFU82",13,1,0.60363524254198,0.496652127278097,0.450406723291901,-1.28946420370255,1,6,-0.846694538963653,-0.819448400656362,-0.479871922126512,-1.2653690844407,-0.0694055878772629,-1.12451624415599,-0.412734511110227
"CGH00",10,1,0.950248504113228,1.39751514512178,1.306996511081,1.48551118184436,2,5,0.482093412979829,0.320508292293544,0.832068285178121,-0.706409056482472,-0.0355687118101163,0.204253313727272,1.0412271838277
"CGH94",16,1,1.17274940316409,1.25420300946007,1.17528270483252,1.17037604610638,4,7,1.98896634817347,2.03617896135287,2.15663694363056,-0.711003309561377,-0.0354759660820439,1.36394037994279,0.983447986538116
"CGH95",14,1,1.22770921693253,1.30414215924422,1.16955902795331,1.22494320134472,2,5,1.53462132680448,1.62380769118003,1.80595174299039,-0.697887280934455,-0.168357890830532,1.07353259436821,0.843807691007588
"CHD05",12,1,0.669992843371943,1.98058572680291,-0.148456049537184,-1.1822927405366,0,6,0.0254652507999381,0.571704578511663,1.76682356877659,-1.25367915503089,0.45563032512878,0.158724695270919,0.0922568240733932
"CHE80",13,1,-0.300988870233476,-1.01240534138891,-1.4337907783948,-0.523953752517194,3,6,-1.26450930735825,-1.12727174958339,-0.878359558507752,0.685848614035485,0.564500754873027,-1.47632573276569,0.368623298208566
"CHK07",10,1,-0.122012819934571,0.509807491308322,0.464122446689074,1.63041137439015,2,3,-0.125222042719426,-0.371831703256226,0.0799639971695642,-0.926543401686229,-0.0627968379986933,-0.113743009950868,0.69091643650603
"CHN03",15,1,-0.732003520474486,-0.600681274920157,-0.433993671914301,-0.453291249330855,3,9,0.212682797293693,0.00280268648377753,-0.331500635582991,-0.431476980704966,-2.34956821081141,0.392684401169616,-1.27582521426886
"CHP94",10,1,-0.704417285890134,-0.930929389983785,-0.488691713058318,-1.4329974132998,2,5,-0.428879770569053,-0.521756918864693,-0.775814014097603,1.76508295240646,-0.0427501575055076,-0.451340435908116,-0.767493063203317
"CLA85",14,1,1.20454006912907,1.21032519210634,0.744437543618808,-1.02153554578767,3,8,0.196700811617397,0.449948895947654,0.702806278925468,-0.464962343991668,-0.0250369411523444,-0.100055901029985,0.750044285651124
"CLA87",6,1,1.20517644646027,1.10913327957598,-1.36178323055964,-1.21291315858401,1,2,-1.25537674411466,-0.93560303675805,-0.51210814641167,-0.244694614983007,0.500660933537778,-1.4768148577438,0.353832274289535
"CLO96",16,1,0.0451814517912034,-0.5405213479608,0.551560183346054,2.17720455380827,0,8,1.21041533165675,0.802833679600211,-0.215547933779208,0.293827992702164,0.785268716165744,1.20190086995865,0.606522098430349
"CLT97",15,1,0.951389126589169,1.75223115613223,0.499334928872203,-1.01270273288938,2,9,0.982101250566809,1.39524549387688,2.3087641690833,-1.26131049601627,0.289621918715484,0.863311248625721,0.314054033570157
"CMR05",10,1,-0.619656683774213,0.876461145899082,-1.073753039219,-1.12679323282566,0,3,-0.725688075985982,-0.478611706779951,0.472260057116112,-1.610785141578,0.565656423582782,-0.614370082006721,-0.696616349173018
"CND04",11,1,-0.0529750754167363,0.389493360994053,0.698432721390787,-0.472919722438168,2,6,0.367936372434856,-0.0392313706453626,0.264711821074371,-0.586563648554384,-0.628873746904746,0.340927687654599,0.704454101315523
"COB80",16,1,-1.56328887981718,-1.08338803077313,-2.08185870891125,0.0119035633125533,2,10,-1.36496750303783,-1.34273438725937,-0.892200467237939,NA,NA,NA,NA
"COL80",17,1,1.14426068910314,1.63340012550583,0.697632637525953,0.0884546084310886,5,11,-0.410614644081858,-0.262044857748901,0.286677338986579,-0.687666289996001,-0.0188335373417269,-0.818750964784239,0.471333747021792
"CRB95",16,1,-1.20441628433166,-0.995792582907441,-0.819154923658965,-1.40429077138035,2,8,-0.00649872055265426,-0.310298795860858,-0.765717568810732,2.1234899405409,0.284224790284111,0.226718834499229,-1.66188364297348
"CRB97",9,1,-1.06262574187072,-0.988921459610993,-0.929737943548677,-1.40429077138035,0,1,-0.835278834909156,-0.877460728894209,-0.835341683214423,1.68135157277505,0.421979508802589,-0.87959846626497,-1.21548209474579
"CRO90",9,1,1.87278198708276,1.78195504258791,1.08647339583582,-0.381787525868482,3,4,0.151037995399408,0.516642570257395,0.848623315252518,-0.741809290618239,-0.0857822487386274,-0.139513089200999,0.579590562856115
"CSK98",7,1,-0.44306167240382,-0.753147005273784,-0.404082844352004,0.425279206952644,0,2,-0.759935188149474,-0.767035960811822,-0.743325424154674,0.460349643439092,0.847379426070948,-0.63657001382287,0.254342516122393
"CUC84",13,1,1.63824221529736,2.00580417525065,0.726435656660017,-0.600504797635729,0,5,-0.40148208083826,-0.104889460801862,0.447402092876883,-0.65725118781039,-0.170960806431064,-0.605664165844682,0.44125962612174
"CUC91",16,1,1.55884842148151,1.59284694198628,1.32049792630009,-0.463806502781201,4,8,1.89307443411569,2.15119708670976,2.36250743931192,-0.725832852729608,-0.113132098216195,1.49884169569592,0.7672483146725
"DAN90",15,1,0.144893473858173,-0.6570583369675,0.452253070672291,0.323996285718891,2,10,0.943287856781519,0.728140839001542,-0.394762816848068,0.569475224044669,0.744026457207516,1.15070354989754,0.487430184768906
"DAN95",23,1,0.193825919473229,-0.402830278550499,0.506984082305242,-0.228685435631411,0,0,2.44787765116426,2.10164844680856,0.373159594548688,0.42344502261021,0.722467279685746,2.9761074320565,0.597834478825565
"DEO05",3,1,-2.42497290385337,-1.10177164425725,-2.36988890025189,3.1504964131725,0,1,-1.38323262952503,-1.3975616581833,-0.893787293028299,NA,NA,NA,NA
"DIC94",17,1,-0.226806814770778,-0.635103912368212,0.379256408169066,1.96942314562939,7,10,1.05744489732649,0.560548531586185,-0.329845633581107,0.341240792590411,0.857875621548271,1.14355201530449,0.470794744880928
"DIC95",21,1,-0.0199287212222328,-0.370819492725181,0.542626916133425,1.87330266040536,3,14,2.12595479682744,1.50997532849781,0.304996656867253,0.0877175157519066,0.649408538623646,2.70242908276287,0.86968516332433
"DIC96",3,1,-1.08684973452128,-0.901754858829453,-0.713715300043195,1.00706714985351,0,1,-1.27820815222365,-1.31241949529289,-0.876522363372545,0.696327499317613,0.638544615354865,-1.47831584015176,0.308442920460296
"DOC94",15,1,-0.263507936672182,-0.648993345308371,0.0700591629318238,1.90801406547935,4,9,0.628214424877394,0.390325649173939,-0.385712877995055,0.0741898069877708,0.747928361411904,0.953649845248782,0.541705520624442
"DOC96",16,1,-0.185955241091559,-0.617423368883754,0.0243620652672014,2.17720455380827,5,8,0.742371465422367,0.596938813051588,-0.308479692995945,0.123073158903245,0.74334465285989,1.40642114076143,0.567621473764751
"DOC97",4,1,-0.173201767760017,-0.682926798189186,0.366397917484214,1.38982237544619,0,1,-1.03619522626831,-1.11101006225379,-0.821480093524278,0.101839283525987,0.525882327012713,-1.2175552307987,1.03552542014019
"DOT02",12,1,-0.289817012746622,-0.792611335391167,-0.400482466960246,-0.983260023228406,1,4,-0.134354605963024,-0.0390036805363927,-0.626928140507274,1.3281288054345,0.520508870298114,0.201340030156322,-0.400374228760505
"EBO90",14,1,2.09258036683208,1.91027630192559,1.4435108205185,0.873102820896075,4,7,1.51863934112818,2.05175540249463,2.22611861683115,-0.670671203635545,0.0402360446091561,1.03348294908438,0.742883372436374
"EGR91",14,1,-0.379032362542316,-0.0269120877719829,0.36039728849795,0.777414014497906,3,8,0.694425508393478,0.164588734169699,0.219561744724276,-0.742213844806985,-0.397600307754194,0.825064331953347,0.794072913004753
"EGR96",6,1,-0.204550937135906,-0.530965807077618,0.37839917545674,1.03258416489302,0,2,-0.86039338382905,-0.973718323484748,-0.74597585902906,-0.413815056228075,-1.08818139573314,-1.26885981220767,0.259806202416503
"EID03",15,1,0.465460047787999,0.848167806665756,0.842755541624506,-1.45434337780401,1,7,1.26521071111834,0.993302161250306,1.29429095228048,-0.720206211132418,-0.413898997015637,1.04385469562337,0.769019969762582
"EIF81",12,1,-1.85346695568283,-1.09933208183732,-2.26187757849915,0.050179085871821,3,5,-1.36953378465963,-1.32483404439232,-0.893366139638789,NA,NA,NA,NA
"FAN88",12,1,1.11730207565313,0.945310902242576,0.746437753280897,0.0629375933915794,4,6,0.39533406216565,0.630930667470631,0.696502365928354,-0.644626329784763,-0.371272739142976,0.0890754501561051,0.605858256848745
"FAN90",18,1,1.3650982670582,1.41910470120319,1.44201066327193,-0.236887333322686,8,14,2.48440790413865,2.46091552114619,2.58774073430342,-0.525298315008883,-0.0108859938104126,1.8171371665012,0.949594997268654
"FDL00",15,1,0.467181531052369,1.52322034345338,0.443944507460543,-0.694721468550847,3,8,0.93643843434882,0.994726111267961,2.05178512446431,-1.21276936841057,0.188419324392762,1.10906404847817,0.390571054212432
"FDL03",13,1,0.686170352976545,1.69304512722822,0.677339601317861,-0.732729330113197,2,5,0.742371465422367,0.779953978801669,1.75986731615554,-1.12629848859678,0.219887440941369,0.766223437672419,0.632315207700299
"FDL96",8,1,0.922339997723259,1.17411208744762,0.834446978412758,-0.766365395392558,0,2,-0.164035436504717,-0.119663777735753,0.284902958847918,-1.11012125437457,0.0428859897911608,-0.402205875695517,0.37268290655855
"FDL99",17,1,0.24692327807392,1.14823773363103,0.433604962130366,-0.733193275841188,4,9,1.28347583760554,1.152551348919,2.01943723092433,-1.14746910609337,0.124396706251924,1.37902627165903,0.508449018244753
"FEA94",8,1,0.159605650574879,-0.837482731139019,-0.0776486274992749,-0.217749572043053,0,2,-0.511072839761434,-0.410851555581789,-0.756910895859249,1.01051259098038,0.891891113253953,-0.729856421074149,-0.309849272368167
"FEA95",7,1,0.380006767658361,-0.793582947231481,0.0999699904941199,-0.217749572043053,0,3,-0.600115331386512,-0.505184777005223,-0.760777051826088,0.946049509292399,0.916491773520151,-0.712249728371616,-0.203364825834715
"FEN90",13,1,-0.940932218085978,-0.711965955345751,-0.602103600898696,0.402313893417083,2,8,-0.262210491373393,-0.453295564452404,-0.557317142081929,-0.749770320353001,-2.12035692126966,-0.570455281746699,-0.475287482960941
"FID86",7,1,0.526832072370522,0.473168257965308,-0.767720960919565,-1.09808659090621,0,1,-1.18003309735497,-1.0219264911578,-0.621897845692604,-0.619156172413499,-0.0894901211926713,-1.47035052481883,0.549312176549708
"FLG97",3,1,-1.08870915455145,-0.986136240543202,-1.32577945664206,0.39465878890523,0,0,-1.31702154600894,-1.31253780655654,-0.883805945180079,NA,NA,NA,NA
"FLG98",16,1,-0.240041098291524,-0.560193399101497,-0.00907001051340792,-0.113858867953609,0,8,0.712690634880674,0.548759529133197,-0.239320499154804,0.188906254929263,0.764881015126352,1.41936742492415,0.595585229346291
"FOP97",5,1,0.108721474580044,-0.692073212373669,0.102370242088627,0.369141773865721,0,1,-0.912905622479738,-0.913919588991486,-0.787694977954629,0.266770363749513,0.816752018300136,-1.02666802985593,0.573567792608686
"FRO93",4,1,-0.384987049410107,-0.79759459560544,-0.389681334784972,-1.36601524882108,0,1,-1.13208714032609,-1.13796102964051,-0.841275746693463,0.460028557120083,0.786191354354252,-1.27987569419965,0.093247366408543
"FRT07",10,1,-0.220572616072483,0.298732592679246,0.278960180827235,-0.797350342226251,1,5,-0.207415111911806,-0.41572987411733,-0.0475720637861484,-0.692634215135574,-0.381582918764865,-0.0564363493869236,0.938479278331908
"FTH03",7,1,-1.27034083482936,-0.769696261198404,-0.958540962682741,-1.04450085932323,1,2,-0.935737030588732,-1.03022674480458,-0.750467868194621,-0.254370815330698,-2.39118587598082,-1.04624867630403,-1.24853553138932
"FUL83",10,1,-0.617778239866813,-1.0061440692253,-1.45179266535359,-0.7536068878728,2,5,-1.26679244816915,-1.16758512690087,-0.877278644991129,1.6843145681495,0.819335283512171,-1.52119909735924,-0.988336658317038
"FUL85",8,1,-1.27156430666827,-1.05015474381995,-1.64981342190028,-0.7536068878728,0,3,-1.29190699708905,-1.25078338707728,-0.884876419341454,1.80770038419545,0.742079607589789,-1.51607737008269,-0.833456834049845
"FUL86",16,1,0.0180976738509118,-0.958193418386147,-0.697349948262475,-0.294300617161588,3,8,-0.216547675155404,0.312364226306376,-0.757460996167422,1.62368694107691,0.675450403837807,-0.203709634815029,-1.125513022376
"FUL87",11,1,0.424854715924988,-0.926387037002242,-0.533696430455293,-0.421885692359149,3,6,-0.684591541389792,-0.309587876813682,-0.802954829128328,1.36330815993343,0.75549506999708,-0.835121065416519,-0.946484873483894
"FUL89",11,1,0.346644526539041,-0.933231721680492,-0.657709429504735,-0.319817632201097,5,7,-0.406048362460059,0.189611759952339,-0.762855935886179,1.41777217472912,0.819080483651465,-0.521129023645024,-1.06897740965001
"FUL93",16,1,-0.191936530693227,-0.895220956262079,-0.629706494235509,-0.136095123916612,1,7,0.272044458377079,0.733694465855449,-0.626353505587128,1.54453986852999,0.667700144508714,0.548879092585647,-1.28465489640248
"GAL85",12,1,-0.619024270606133,-0.892353201256412,-0.108851898227846,0.0272137723362603,3,7,-0.666326414902597,-0.823016742484705,-0.803405011378937,0.491181528164782,1.10736248222724,-0.711146052033249,-0.196689843427256
"GAL89",12,1,0.00630341081496067,-0.794094930794452,-0.1556568043207,0.26452201220372,1,5,0.0208989691781392,0.14941195948755,-0.628208741543858,0.462925174689913,0.930271812024039,0.191401353379213,0.20204953857033
"GAL90",1,1,-2.39903220833357,-1.09836757224969,-2.29788135241673,-0.141198526924517,0,0,-1.37866634790323,-1.39591110240932,-0.893493462369898,NA,NA,NA,NA
"GEC95",18,1,-1.70208890857869,-1.07976190259997,-1.68131672407817,-1.36123080850117,2,9,-0.684591541389792,-0.661630517766477,-0.863390112860321,2.45386372564463,-0.0362643150575076,0.0663580476985582,-2.80137211480323
"GIN93",14,1,0.496480565851694,0.577551478691989,1.42250861906656,1.5875792420024,3,7,1.50265735545188,0.833074859247606,0.845670454479584,-0.337128249103433,0.138249037658241,1.16883396991913,1.08396528337103
"GIN95",3,1,-2.27310728448896,-1.05513088838911,-2.18987003066399,0.624311924260836,0,0,-1.37181692547053,-1.38789874553241,-0.889761384065548,NA,NA,NA,NA
"GNB07",10,1,0.53061174116462,0.921842309869495,1.32499839803979,1.40896013672582,1,3,0.491225976223427,0.106902953445055,0.503597531197386,-0.552185384590148,0.148388103463498,0.220855496869238,1.10398294640146
"GOD94",17,1,0.474285424373837,0.754090380805863,0.81284471406221,1.25203049423283,5,12,1.64421208572765,1.36955048628216,1.50911058713987,-0.847646284929551,-0.326747967862503,1.23918772961678,0.693256393620246
"GOD97",18,1,1.21570369654179,2.17550246960717,0.438405465319375,1.30848689000774,3,11,1.46612710247749,2.3088245668978,3.6323854013264,-1.27475316504972,0.460580106168056,1.60662576465708,0.109711154154179
"GRA02",7,1,0.754140138499424,1.25310243048581,1.09367415061934,-0.784227305920214,0,3,-0.285041899482388,-0.386157899909942,0.122545790258727,-0.496833739450014,-0.128342433303818,-0.491090320420769,1.13419683603957
"GRA93",15,1,1.17079962858415,1.13568579342079,1.20279328080031,-0.323743326822564,4,8,1.56201901653527,1.57673409423542,1.61692243278921,-0.588575189733588,-0.341631254019176,1.10101299899687,0.913057770291748
"GRA95",5,1,1.21767945122743,0.628567577305286,0.966460816110554,0.0119035633125533,0,1,-0.748519484094977,-0.702237100749114,-0.445712124582188,-0.87121487328035,0.0938134365991087,-1.03578594159763,0.481659959437921
"GRA96",9,1,0.659049778138147,0.637193902121736,1.34364320953282,-0.283364753573229,0,2,0.265195035944381,-0.0239492935215988,0.156933647089802,-0.375242806231125,-0.0366313034673828,-0.055023657228544,0.944582060834185
"GRA98",15,1,0.924392414275761,1.2828711086404,1.43266352965872,-0.735941262076217,1,6,1.75151970383993,1.3729147691053,1.7820829387262,-0.598023248955344,0.0275544694355322,1.4275064945514,1.13131139469552
"GRA99",9,1,1.09303663913028,1.44857147714272,1.45165453128556,-0.58956893404737,1,3,0.313140992973269,0.169346858883666,0.647185688133395,-0.563592212480582,-0.194071898778927,0.000459708224499547,1.18426832924435
"GYP07",11,1,-0.322787925672822,0.117929338757154,0.41440294937432,-0.787629574592145,1,4,0.205833374860995,-0.19374035125068,0.053745508530482,-0.524743695587072,-0.967538802922598,0.0945646779589284,0.626607376031544
"HAL90",21,1,-0.0969772182463902,-0.298354576331901,0.546416787072116,-0.278184607662947,5,9,2.13052107844923,1.4168288672046,0.423841342556606,-0.464941786568103,-2.41944508425211,1.7319030329563,-0.674971611979993
"HAL94",9,1,0.535105034688045,0.129833823418586,1.16876773621886,0.252492562256518,2,5,0.187568248373799,-0.0791538265920044,-0.149624386784657,-0.637805550987046,-1.28617513460985,-0.221875263019428,0.223788748393465
"HAR82",13,1,0.0065885842547783,0.112757280553014,0.3934007479224,-0.523953752517194,2,7,-0.682308400578893,-0.778699630999701,-0.474447357994746,0.421954921533306,0.356940107729804,-1.04086157677829,0.430497956050053
"HED01",17,1,-0.16800036176701,-0.355792838521603,0.349596156322676,1.69602655592033,2,8,1.20356590922406,0.756539640803392,0.072077015171885,0.307330081146157,0.720990075155535,1.66559801053018,0.644094442747533
"HED12",4,1,-0.822107491758868,-0.398236366862208,0.456407352278165,0.586036401701568,0,1,-1.02477952221381,-1.1935872690752,-0.772332615626221,0.476257355810422,0.962124827890196,-1.30146288101017,-0.233148351198498
"HIC84",15,1,-0.355958899679215,-0.734389145682899,-0.0386445390885641,0.14586789226999,6,11,-0.200565689479108,-0.344383108385901,-0.640095264888748,0.104151720664819,0.719326318755846,-0.157958805980129,0.499905688176305
"HIC88",16,1,-0.135492570521184,-0.644675154284735,0.249385652252078,0.873102820896075,6,12,0.609949298390198,0.350540267939878,-0.420322704840537,0.155711561187127,0.70188151756496,0.959341089260525,0.556047343620302
"HIC89",8,1,-0.43857383915154,-0.760321020611532,-0.485691398565187,-0.141198526924517,3,5,-0.666326414902597,-0.63921750896742,-0.716948504657166,0.196709357757161,0.800836310582274,-0.613204946285691,0.395653341894627
"HIR03",12,1,-1.12604277364514,-0.943947538526973,-0.879332660064064,-0.562229275076461,2,9,-0.438012333812651,-0.571077794335018,-0.757557622224038,1.6254409438219,0.702154625052886,-0.11761903470195,-1.36489891440381
"HNY12",5,1,-0.479130115462512,0.213534733662246,-0.605703978290454,-1.28946420370255,0,1,-1.15948483005688,-1.14994130836005,-0.666719629262224,-1.2917255003276,0.0700556296350484,-1.49465683930115,-0.185705037826001
"HOL00",10,1,-0.261056550034273,-0.606211458683182,0.532915371853023,2.56679469414367,1,4,0.0893931935051228,-0.296075499655471,-0.551583543444796,0.56694767957195,0.732834784068864,0.0567679806916846,0.483736975223829
"HOL94",13,1,0.0816630371352959,-0.62904760464994,0.703524164167013,1.71690411367993,3,4,0.760636591909562,0.356854164922513,-0.444939862536751,0.882561894223374,0.611879804455708,0.450631804464993,0.353478214202271
"HOL97",15,1,0.20402471589652,-0.397005135272601,0.942458300165499,2.26721512334325,0,7,1.34740378031072,0.777052109234392,-0.102950292627302,0.643518783114289,0.611541121252811,1.15149373623079,0.489268265404061
"HON00",8,1,0.345121734262909,-0.00494783156263076,0.474409239236955,0.126730130990356,2,3,-0.301023885158684,-0.340027399877011,-0.325737388703703,-0.485336186838426,-1.814817365228,-0.503401020769246,-0.137336644770796
"HOO05",13,1,0.912886898847096,1.42614207055892,1.1977577879447,0.735658898978709,1,8,1.10539085435538,0.938634818300961,1.50644514774652,-0.799177715145708,0.0206317061323209,0.830046827702616,0.807770139889912
"HRM95",9,1,1.74793402697454,1.41869971697245,2.02771491396684,-1.37695111240944,0,2,0.568852763794008,0.461035747807992,0.629136518617389,-0.805038144932414,0.199955254989321,-0.119694045939345,0.665208161645526
"HRM99",8,1,1.58219538339166,1.86854416363803,1.63853126257204,-1.45532480145937,2,3,0.14190543215581,0.132248076202487,0.64455240288285,-0.60939845906154,-0.077148545707421,-0.262832245071916,1.07512052356086
"IBI84",13,1,-0.0677221246568503,0.0126609039003143,0.41440294937432,0.0629375933915794,4,7,-0.323855293267678,-0.497638088743545,-0.316617746716327,-0.987314589833345,-0.453354558389774,-0.639235890586806,0.238219419267674
"ILE86",18,1,0.460626059864857,-0.391913003374032,1.24710561792962,0.777414014497906,3,8,1.59854926950966,0.98930365755815,-0.0972362777514891,0.291729611379326,0.539040611124195,1.07045992783051,0.836064631754078
"ILE87",20,1,0.402691022215578,-0.539821614177691,0.7579389588379,1.08840263529196,4,12,1.79033309762522,1.481138038352,-0.11769020948629,0.44570831505064,0.752983045463106,1.60456387091823,0.521050577439629
"INI86",15,1,1.8224746439272,1.60678662430104,0.863249997546822,-1.26649889016699,4,11,0.667027818662685,1.30500623145356,1.44416988767299,-0.555517127208006,0.0174808201026466,0.331384341504298,0.672388708466813
"INI87",6,1,-0.576194190294746,-0.774600087842752,-1.12775870009537,-1.09808659090621,0,1,-1.22569591357296,-1.162293303243,-0.837306094265119,-0.154294588540391,0.421121301482111,-1.4765074686829,0.363127646956401
"IVO99",16,1,0.926306238389053,1.28742734869213,1.19448471758856,2.27899220720764,0,6,1.55516959410257,1.37449781666455,1.78719561529309,-0.547231282557127,-0.0132317786069273,1.36619815058301,0.988699867414518
"IVY95",5,1,-0.467649588468875,-0.727076350572707,0.222382821813893,1.05810117993254,0,1,-0.890074214370743,-1.02393968294126,-0.796759118008343,0.246749329820614,0.654748987944056,-1.23566275307937,0.761741819675627
"IVY97",18,1,-0.288551755650144,-0.648948097080924,0.00636017830841126,2.0739973411931,3,7,1.0277640667848,0.777419199444346,-0.268402444711912,0.474086558770908,0.813957828046486,1.72952913398467,0.341996709586399
"JAE02",16,1,-0.277638766734514,-0.633761803889829,-0.443686995661343,-0.704395501725173,1,6,0.326839837838666,0.515267802527355,-0.328223771106509,1.3856189717223,0.54826418276933,0.772404534157365,-0.801843710134416
"JAY01",1,1,-1.72208673217208,-0.638965814925848,-0.893734169631096,1.16016924009058,0,0,-1.28962385627815,-1.3528383843515,-0.853839095327842,NA,NA,NA,NA
"JUG87",12,1,0.760044846935862,0.110840482004524,0.424904050100282,-1.22248203922383,1,5,0.0345978140435359,0.223689995545393,-0.0564310475573249,-0.619901677147484,-0.886480402397763,-0.240273150066827,0.144310496542386
"JUN85",14,1,0.721522422284086,0.825584198303941,1.29220924679343,0.219684971491434,4,8,0.242363627835386,0.00387579251070347,0.270763176102536,-0.253750867396916,0.140574657037083,-0.0993712959423369,0.7530017565517
"KIL82",11,1,-1.54618299717287,-1.02472633008413,-1.93784361324093,-0.141198526924517,4,6,-1.32843725006344,-1.28573028855178,-0.880486590023205,-0.0355902698789706,0.679193109089785,-1.46575927430356,0.688150508732531
"KIT95",19,1,0.216352029569719,-0.736918529544478,-0.110122619660232,-0.695067853370394,0,10,1.05287861570469,1.45949820670521,-0.358403340654779,1.13003578761261,0.891917051448788,1.38573393351217,-0.649827632863409
"KLD05",7,1,-0.625536885988815,-0.881778519920553,-0.821726621795936,-0.462712916422365,0,3,-0.892357355181642,-0.825088667448203,-0.798841116178714,1.62998391910706,0.688576466779391,-0.943755435268513,-1.60350041545077
"LAM83",15,1,0.315296436240643,0.543802831167664,-0.240522842840712,-1.19104143140729,4,8,-0.438012333812651,-0.177055768250658,0.100504723540492,-1.17499213247976,0.178464165459026,-0.722948199019102,-0.268068671406342
"LIM80",13,1,-0.478241340827132,-1.06202302250701,-1.63181153494149,-0.141198526924517,1,7,-1.28962385627815,-1.14982820637286,-0.886925297351654,NA,NA,NA,NA
"LIM83",15,1,-0.25286043546485,-0.832889295156093,-0.477119071441952,0.143133926372899,1,8,-0.543036811114026,-0.430110750173883,-0.731322708714357,0.595173883247827,0.852728073646527,-0.433891307588939,0.212989575952769
"LIM85",15,1,0.519046619540538,0.215959257769126,1.03846836394571,0.241556698668159,6,8,0.56200334136131,0.288338235057592,0.129900701558561,-0.25654711418476,0.403898224213525,0.156890312530092,0.862196436335338
"LIZ86",14,1,-1.41501386146514,-1.07317113531127,-1.58580671271347,-1.30647554706222,2,4,-0.935737030588732,-0.819206172355163,-0.871568797884831,2.50568137552922,0.121455091320869,-0.744310564434219,-2.54431629650432
"LMS00",15,1,-0.942062758499643,-0.405285239553761,-0.209662465197071,1.34860258192083,4,6,0.397617202976549,-0.170950879343425,-0.112241615000373,-0.551920346806748,-0.951803520281769,0.9314498897287,0.485762069258104
"LMS06",9,1,0.0142060845934335,0.447721014229162,0.731579052933956,1.22578442162076,1,3,-0.00649872055265426,-0.311160303965644,0.0424499925355604,-0.746019485424191,-0.432162909683794,-0.0845844483858178,0.816880439530494
"LMS97",17,1,-0.146829571328095,0.116467316647217,0.412002697779817,1.34899515138297,5,11,1.26292757030744,0.776745481297548,0.683541073608265,-0.653529219802013,-0.745875398858258,1.66929138752398,0.651540232665188
"LOB86",13,1,-0.00934216467282407,-0.931826960308462,-0.376179919565879,-0.313438378441222,1,6,-0.371801250296567,-0.167946743251075,-0.776433821619597,1.42478768236203,0.65301739087847,-0.477639474593081,-0.881104023780468
"LPW91",17,1,0.0181095844801684,-0.828045717461803,-0.224063974764103,-0.426989095367047,6,11,0.657895255419087,0.934166824780935,-0.539377622287027,1.08153868181768,0.755921690936081,0.973264897207215,-0.367988711453137
"LPW93",12,1,-0.0181980948476335,-0.641335679595249,0.845248110588032,-0.317265930697149,2,4,0.655612114608187,0.133822130135547,-0.496350921682435,0.73320868280689,0.617950678869996,0.479087137002563,0.439526468334413
"LTF77",16,1,-2.00065074452398,-1.09358762313294,-2.00985116107609,-1.36601524882108,4,8,-1.36040122141603,-1.37056286820968,-0.893080869571337,2.73006670688654,0.248441106309728,-1.5691574719542,-2.43858658931437
"LUT12",6,1,0.150984925156367,0.75027708425395,0.0333630087465965,-1.21291315858401,0,2,-0.773634033014871,-0.741949002777762,-0.254331140418192,-1.20012800492368,0.309568838672775,-1.03377291440829,0.501951115168186
"MAR89",18,1,0.846907844004012,-0.791475553450697,-0.290670956511626,-0.227318452682869,0,4,0.726389479746071,1.93337241397527,-0.465244045018582,1.3652021749423,0.703155415576174,0.717943012309127,-0.919479679376322
"MAR93",14,1,0.367538275015042,-0.834279035829293,-0.557698946400348,-0.109302258125125,2,7,-0.00421557974175481,0.73462270672696,-0.6167160827457,1.58704865649081,0.72621577808375,0.0422321903043945,-1.35798701774909
"MAR95",16,1,0.107646876867978,-0.837566431784939,-0.230236050292832,-0.190409913072144,1,11,0.516340525143321,0.858477420971055,-0.574510180481636,1.6835321718667,0.610032364217405,0.563638872161293,-1.25277402129552
"MAW79",15,1,0.683366884545162,-0.912088271273768,-0.665710268153089,-0.651538827714755,7,9,-1.0590266343773,-0.804228894844333,-0.844668364068087,1.25108421440631,0.776749420359552,-1.32949000877138,-0.656915216162497
"MAW83",17,1,0.46654835447312,-0.931737170299186,-0.701714042070669,-0.319817632201097,4,9,-0.431162911379953,0.258274976723461,-0.761694883729033,1.4621359006796,0.750681550786526,-0.344385140809674,-1.03260999152116
"MAX84",15,1,0.065632249014451,-0.362855752878388,0.0243620652672014,0.0788857277912717,5,6,-0.168601718126516,-0.129782939564979,-0.38353688143851,-0.543468152050104,-2.08894287459817,-0.483782615252692,-0.0384606525276819
"MEE03",14,1,-0.0179904788629498,-0.688995546370969,-0.233664981142125,1.86826640743703,1,7,0.242363627835386,0.440257410192996,-0.466230159060301,1.271136482754,0.707523527526628,0.440007367878527,-0.75266342198247
"MEG00",8,1,-0.865936836888564,-0.932480953313272,-0.719715929029459,-0.0774059893257404,1,3,-0.755368906527675,-0.802371144449965,-0.80611089534186,1.79135573218536,0.564359827892547,-0.883282582624552,-1.23776345662009
"MLD04",5,1,-0.0875432021198193,0.550731341052149,0.210381563841368,-1.51911733905815,0,1,-0.892357355181642,-0.951383402763324,-0.465867990111749,-0.673885283174682,0.0103251741973886,-1.22162681231346,0.973963588023308
"MLR96",19,1,-0.564496241256557,-0.549362977113553,-0.324027394111738,-1.18139214000579,6,12,0.822281393803848,0.614872758728199,-0.08318509829684,-0.457250837810356,-2.08022608149093,1.14405945821185,-0.764532343031576
"MNX89",16,1,0.42991512245481,-0.858452055492466,-0.623705865249244,-0.250557162808137,5,8,0.167019981075704,1.14555160460843,-0.599749279925119,1.43001860416401,0.675304239647586,0.344168226687311,-0.99417617318472
"MNX90",14,1,0.679349967660232,-0.811399700443109,-0.422684794209422,-0.224128825802928,3,5,0.0985257567487206,0.972702332293095,-0.593017464742134,1.40864794713119,0.661916890262088,0.317260523599252,-1.0619830558483
"MOC84",14,1,-1.00764475347012,-1.01381180288889,-0.75571970294704,-1.3022227112223,3,8,-0.769067751393072,-0.856470731661219,-0.84823250209889,1.91759584042586,0.434313688696197,-0.808432059172459,-1.674681081943
"MOO96",10,1,-1.15292096170364,-0.959618119744038,-0.605703978290454,-0.884837250933146,2,4,-0.600115331386512,-0.83099439963756,-0.807895030683804,2.06510853769887,0.162323306576131,-0.598447056157166,-1.40298870370775
"MRG03",12,1,-0.50303936302232,0.227539227896987,0.348396030525424,-0.983260023228406,1,4,0.340538682704063,-0.174672896159576,0.253639341655672,-0.352909823256632,-0.266895046287644,0.495065059690485,1.22235163003953
"MUS77",16,1,-2.26898715952734,-1.09192022424791,-2.22587380458157,0.0884546084310886,3,6,-1.37410006628143,-1.38763659003085,-0.892936944028305,NA,NA,NA,NA
"MUS85",17,1,0.385248779885557,-0.201602860952686,0.528414900113326,0.486520043047472,6,8,0.454695723249036,0.39052749413657,-0.116784968507419,-0.395542012486338,-1.90259712923501,0.127469000653769,-0.0127614903494403
"NAK89",11,1,-0.714917042476133,-0.607292063585023,-0.475190297839225,0.27026334058761,1,6,-0.422030348136355,-0.527101550845029,-0.552329743522999,-0.676195872957372,-1.74505854127806,-0.565210229296907,-0.448852624893468
"NEB01",1,1,-2.12341239927213,-1.06536554726565,-1.50579832622996,0.471209834023765,0,0,-1.32843725006344,-1.37837395245424,-0.890644813249634,NA,NA,NA,NA
"NET02",16,1,-0.52919873842114,-0.481416489278117,-0.147941709909791,1.63587930618434,1,12,0.589401031092103,0.291180029385843,-0.144123042343107,0.158907984942039,0.721149536896334,1.39395305923505,0.54069062781758
"NET99",11,1,-0.432693987358813,-0.594003268879227,-0.121653240065209,2.46153700710568,1,5,-0.100107493799532,-0.25667832302382,-0.499324061494439,-0.00139748452001281,0.645133248603564,0.368955661949593,0.79862736008328
"OAT87",6,1,-0.776515808617098,-1.04320788691807,-1.6138096479827,-0.409127184839391,0,1,-1.28734071546725,-1.18778544962917,-0.8836771500353,1.51724151461667,0.783239765590034,-1.49874771543653,-0.309412166834569
"OAT90",8,1,0.0981783754538896,-0.836934663455786,0.0423639522259916,-0.600504797635729,2,4,-0.465410023543445,-0.434302540591826,-0.75662704918176,0.969582940458137,0.852398534040161,-0.514804177191663,-0.194808104671976
"OAT94",11,1,0.196606632328859,-0.784968456910379,-0.00164066033993912,-0.804640917951826,1,7,-0.0316132694725483,0.10369219732001,-0.647676634899899,0.973620482858319,1.00273297413148,0.00276648163262515,-0.431758684694188
"OCH85",8,1,-0.337297044676231,-0.0544930394855556,0.114371500061152,-0.677055842754264,1,3,-1.22569591357296,-1.2647269220856,-0.803388922698091,-1.17046228106037,0.276141952976666,-1.50588672571961,-0.525294153200222
"OCH87",6,1,0.917497294540177,0.870945542924181,-1.95584550019972,-0.447402707398658,1,2,-1.33072039087434,-0.972211961518216,-0.553227640551736,NA,NA,NA,NA
"OCH90",16,1,1.08182068633233,0.809387173345414,0.983605470357018,-0.135730595130334,7,9,1.59398298788786,1.72626428766539,1.41574045319747,-0.667610990770913,-0.811320421539648,1.30583187647127,0.350350358332541
"OCH96",13,1,0.449297152477696,0.173573803101214,0.715634524484743,0.119075026478503,4,5,0.573419045415807,0.431280222264186,0.207057787965107,-0.594848099991019,-1.53830301022785,0.374044558358589,0.121880189208409
"OPA03",5,1,0.198693240221942,0.902834382576599,0.522414271127061,1.74706058599936,0,1,-0.832995694098257,-0.896745405998354,-0.374690128756338,-0.566745054696855,-0.249937714653659,-1.20744053312293,1.18845845561348
"OPA07",10,1,0.2096693278979,0.74558217581139,0.910954997987616,0.767845133858089,0,2,0.281177021620677,-0.0564645562435238,0.381882993725211,-0.563197791846215,0.0321811215467399,0.212330116138425,1.07175725870612
"ORC95",14,1,1.2896487246338,1.36804102191067,1.23879705471788,0.0472348149057263,1,5,1.59169984707696,1.67504185935972,1.87765433418328,-0.746594910384728,-0.0660179655443939,0.844367075096474,0.847137494620503
"ORC97",5,1,0.428481386705531,0.781079132842344,0.34239540153916,0.113971623470598,0,1,-0.867242806261749,-0.852882493570142,-0.406218919963308,-0.772018882716456,-0.0543741804380578,-1.05175294105767,0.320713860793573
"ORP92",8,1,1.35497858869391,1.31183147075045,0.966460816110554,-0.90670897810987,1,3,-0.113806338664929,0.0455039118880024,0.356228436653346,-0.672584016400164,-0.0371585576178941,-0.343793180601169,0.667080592556755
"OTA80",16,1,-1.57825770861721,-1.02538189391506,-1.52740059058051,0.119075026478503,3,9,-1.11610515464979,-1.12818749021875,-0.860818468355468,0.131355134630693,-4.05790891158462,-1.42661738193847,-3.45789021765421
"OVA97",5,1,-1.20935407316756,-0.904682744856684,-1.1217580711091,-0.217749572043053,1,1,-1.14578598519148,-1.16551930468329,-0.842750686623446,-0.508681847339148,-3.25377627444618,-1.40935621989025,-1.86448290525107
"OXA95",7,1,-1.05950427532434,-0.697336115011886,-0.533696430455293,0.0731443994073816,3,3,-0.801031722745664,-0.963151153020338,-0.71923816836922,-0.413868771148789,-2.08312091391837,-1.14876677503105,-0.657177954862117
"OXY05",12,1,-0.515780922159078,-0.466702802798432,-0.0584466147432332,1.71899186945589,2,5,0.0825437710724245,-0.182780101298556,-0.345612356065029,0.139467747630152,0.649946914901815,0.573880922883867,0.726180639987225
"OXY06",12,1,0.0791551981560544,0.111327139382468,0.751638298402324,1.24437538972097,0,6,0.596250453524802,0.195766128422154,0.153328083824977,0.0255877619874917,0.532709786550446,0.659822995453635,0.986067439460136
"PAN00",14,1,-0.583496509440055,-0.415416395087257,0.207381249348233,-0.192232557003543,2,7,0.577985327037606,0.00847288385582139,-0.182854453840844,-0.148092070188092,0.549511795061582,0.874857191761308,0.930956943091512
"PAP87",17,1,1.10558446720382,1.17516028209795,1.14347937120532,-0.989639276988283,3,8,1.29032526003824,1.29814795363541,1.46467894001619,-0.429654820723522,-0.0894225890024713,0.888376587128127,0.96812269997481
"PEN90",15,1,0.0515701941069152,-0.785104855865528,0.092215331496488,-0.7536068878728,3,8,0.64647955136459,0.650947125533299,-0.538447177024317,0.992179187218451,0.992709476175077,0.730727713349737,-0.489490599489687
"PET83",10,1,-1.89384454602373,-0.826435990038324,-1.21776813488932,-0.677055842754264,1,4,-1.31017212357624,-1.363766998473,-0.870021034153357,NA,NA,NA,NA
"PET85",12,1,1.34850647110945,1.22726790912767,0.630425592879802,-0.141198526924517,2,7,-0.241662224075298,0.0430330627064818,0.312432594027399,-0.577575126532248,-0.38394019321945,-0.57193359852186,0.645260505407435
"PHL96",4,1,0.676730757546749,0.0471875313553638,1.42850924805283,0.586036401701568,0,1,-0.90148991842524,-1.00285097021498,-0.695436946562542,-0.11143915992174,0.460866644186504,-1.22704955256043,0.891972395292144
"PIB83",10,1,-1.65205608190454,-1.07173179870273,-1.7938285175706,-1.51911733905815,1,4,-1.34670237655063,-1.3483824708982,-0.891194331546296,2.2760822842834,-0.122410216455127,-1.55731745113801,-2.08054715372646
"PID89",10,1,0.562094355349476,0.377424262066102,0.955959715384592,0.222418937388525,1,5,0.304008429729672,0.122928371293439,0.127655510989621,-0.329387849555228,0.281094625660545,-0.0565812757073507,0.937853201513139
"PID95",15,1,-0.199696322671825,-0.294462617214812,0.451263956004227,0.274364289433243,4,9,1.12137284003168,0.584698358613499,0.0818001780704439,-0.229647611248488,0.490795004698671,1.11301933680285,0.943313505467828
"PID97",15,1,-0.38545600228239,-0.485358774813132,0.194687611108061,0.0354577310413328,2,9,0.730955761367869,0.28945452612928,-0.202094230907529,-0.030217749299441,0.602241356117431,1.27543284765929,0.777567456453515
"PLO82",19,1,-0.599797499023114,-0.924861517911248,-0.350077183475634,-0.294300617161588,5,14,-0.102390634610431,-0.236238207673194,-0.741083064719577,0.719498562638001,1.03966460360549,0.0727405637586634,-0.196647603396075
"POL79",16,1,-1.26218820586725,-1.02836726608716,-1.2537719088069,-0.141198526924517,0,8,-1.10012316897349,-1.10161878407007,-0.86844299159239,0.605007567669923,1.1713542980539,-1.32187737924827,-0.54181315595051
"POM97",17,1,0.378567775707711,-0.750091844694284,-0.471289888998155,-0.360644856264321,0,11,0.422731751896443,1.27819558165534,-0.438445983461346,1.47154259510458,0.771515951777382,0.743921807038505,-1.2139902842748
"PRA91",5,1,-1.07454088441221,-0.980364343927509,-0.785722847878355,-0.498436737477685,0,0,-1.0818580424863,-1.13978560526044,-0.862348604089196,1.29835751268304,0.889457589754111,-1.34327031107594,-0.865271761136065
"PTN93",11,1,0.177887912951108,-0.721418713114918,0.170377370599612,0.539255207462464,1,4,0.0665617853961283,0.0929728774412678,-0.598307594770048,0.639846119225398,0.873004866161188,0.170032063488561,0.130249284817602
"RAP03",9,1,0.742727330197363,1.0823049735247,0.957888488987318,-0.272428889984862,0,2,0.0939594751269217,0.0133203805389554,0.425879472023106,-0.702384157772092,-0.298555109818419,-0.0844382293178125,0.817512100975221
"RAP06",10,1,0.477595030959575,0.762155165931955,0.843447921892153,-0.581367036356095,1,5,0.246929909457185,0.0799161559385553,0.393327293582548,-0.615208008941038,-0.601794224419636,0.166706561512895,0.899301567947373
"RAP97",6,1,1.48471701086699,1.46010955875096,1.26649226542372,-0.543091513796828,0,1,-0.460843741921646,-0.402497935502927,-0.00924755479112644,-0.807885846517547,-0.348213015481822,-0.782803796459002,0.74309221894414
"RBY02",14,1,1.09037086817501,1.47079778930891,1.38050421616274,1.24309953896899,0,7,1.47069338409929,1.286531814646,1.77090288545254,-0.606979154932008,-0.0699221829378808,1.16199382322555,1.06672824820916
"RED82",11,1,-1.63057993237204,-1.00684838342205,-1.36178323055964,0.0884546084310886,4,5,-1.31930468681984,-1.34701598546273,-0.885593763582711,-0.294590454165935,-3.46665564023239,-1.61337782169086,-3.77579953065949
"RHY88",7,1,0.852250329554265,-0.108382917661139,0.276388482690264,-0.523953752517194,2,4,-0.711989231120586,-0.563468412473189,-0.550800349231178,-0.725559565455112,-0.810215878289171,-1.06323515747593,0.204974022451621
"RPP03",6,1,0.345655756589391,1.50660045983979,-0.00264076517098382,1.69602655592033,0,4,-0.782766596258469,-0.692402904123314,0.00680434075782912,-1.34727054701981,0.3734477659451,-0.873346531709241,0.058594481802504
"RUF00",14,1,0.68148677687378,1.87486061133456,-0.00264076517098382,1.40258088296595,5,9,0.418165470274644,0.974333864238396,2.18943473119886,-1.34378401761855,0.382158164506414,0.57362242987671,0.102841659735239
"RUM01",12,1,1.07790872123139,2.26394073075504,0.460007729669923,1.44340810702916,1,5,0.411316047841946,0.831253481888238,2.01140825202586,-1.25061389198348,0.335239164012047,0.410227305600718,0.231295963063063
"SAF80",19,1,0.788563704282517,0.59187597426548,0.604922919688184,-0.361282781640306,7,9,0.125923446479514,0.238206788936649,0.275742831471627,-0.658165038907934,-0.558809927162654,-0.340784101459379,0.682246233089142
"SAM94",22,1,-0.17136499325477,0.404655226269412,0.139574141803458,-0.937329396157284,5,10,1.79946566086881,1.47029170857475,1.70682983973425,-1.16814093944901,0.231868532973726,1.71381964591899,0.312306008828127
"SAM95",4,1,1.61878964558663,1.03217779902683,1.98656774377533,-0.868433455550603,0,1,-0.830712553287357,-0.882968237240726,-0.525393341006355,-0.960089379927859,-0.0593940382534879,-1.25659512765192,0.445246785848509
"SCO76",18,1,-0.707367695737626,-0.434148873366026,0.510413013154536,-1.02153554578767,7,11,-1.01793009978111,-1.17898593098204,-0.778532364284555,-0.68871117371492,-1.27907433162371,-1.26553808870036,0.310030269932954
"SEM95",19,1,-0.112287257154984,-0.854332583683714,-0.389681334784972,-1.10934409754129,1,9,0.751504028665965,1.10401671927234,-0.530696238356229,1.48462206680028,0.641070078765639,1.01962227510508,-0.999716783885544
"SEP84",12,1,-1.06246537038009,-1.0810737194552,-1.64981342190028,-1.28946420370255,2,7,-1.15491854843508,-0.964093196485953,-0.884854337352525,2.43489383324328,-0.0299838532628807,-1.30681253529043,-2.25026678690573
"SEQ01",16,1,0.539929698174734,1.47762843088318,0.770154524988507,1.93114762307012,7,12,1.40448230058321,1.24355177975908,2.22327236066721,-1.13176587223734,0.309911630109115,1.32292968776021,0.387281342532624
"SEQ96",15,1,1.00566511403293,1.30095234320529,1.23325801257672,2.1965526201569,5,6,1.58713356545516,1.44014066937978,1.80237236667794,-0.906385251359321,-0.0285135848016606,1.22011110469593,0.648881575459572
"SEQ99",14,1,0.672894459892211,1.29731885927813,1.16748188715038,2.39136521574702,2,7,1.30859038652543,0.967773316132049,1.59121187498075,-0.987766606861462,-0.0138280079609099,1.00908515960683,0.681401422715855
"SES89",7,1,2.30204873678955,2.09161738824671,1.24489000107317,-0.554574170564608,2,3,-0.237095942453499,0.106294099411117,0.48443796171015,-0.439863959095343,0.0105362936939336,-0.758241008559924,0.92878544643879
"SIE82",11,1,-0.661005608507145,-1.10094893773735,-2.15386625674641,-0.523953752517194,1,3,-1.36953378465963,-1.28532386555268,-0.893716279137326,NA,NA,NA,NA
"SKA82",11,1,-2.14642049256806,-1.09156578330641,-2.00985116107609,-1.51911733905815,0,3,-1.36040122141603,-1.37983791247833,-0.892906349606397,NA,NA,NA,NA
"SKI94",8,1,0.146640794188992,-0.837783710992416,-0.194232276375251,-0.687991706342623,0,3,-0.417464066514556,-0.252174371185999,-0.734280021594752,1.02477407160848,0.961317604715811,-0.543924434682377,-0.341573057172294
"SLA03",9,1,-1.82717749588318,-1.08277009114618,-1.92241342441911,-1.333207658056,0,4,-1.18459937897677,-1.13130578116893,-0.882306139885189,2.84785439797724,0.0194134252420384,-1.21786160712037,-3.73818990139506
"SLA07",11,1,-1.59869163189631,-1.07464919860827,-1.78182725959808,-1.5063588315384,0,6,-1.15948483005688,-1.08211368031721,-0.879740458452288,2.8981384988873,-0.0731556456267824,-1.10668004507887,-3.17783920129785
"SLL09",5,1,-0.334960496070621,-0.144480961102073,0.270387853703999,-0.804640917951826,0,2,-0.880941651127145,-0.998611439822077,-0.645894753368182,-0.201068151921292,0.325758112387183,-0.964525266431547,1.19996195997665
"SLO01",13,1,0.17980051657426,0.602621626219983,1.05046962191824,2.36410840422755,2,6,1.0026495178649,0.425541421796178,0.724519532738987,-0.492078227651887,0.121662121483884,0.94353309596829,1.11975177379535
"SLO05",13,1,0.325423858871607,0.765188288441067,0.932639089097067,1.41765911912566,2,4,0.920456448672524,0.52746443812348,0.878875187429483,-0.460439401487136,0.213700916175703,0.93293814914897,1.09062552909326
"SME84",16,1,1.02398820770251,1.0138022793873,1.18998424584886,-1.33730860690163,2,6,0.422731751896443,0.358043598449993,0.567099497853813,-0.473618919736681,-0.0344584680929707,0.137805672412843,0.790057059618277
"SPI97",4,1,-0.0449518829739517,-0.615182814221348,0.510413013154536,0.318107743786695,0,0,-1.20058136465307,-1.24612557061935,-0.851786208449934,-0.513074809274761,-1.3618907016984,-1.47556572588934,0.39160572681036
"SQU01",5,1,-1.41012910833539,-0.605294368988063,-0.869731653686042,1.28775431528814,0,2,-1.09784002816259,-1.20384407434658,-0.765223404529592,NA,NA,NA,NA
"SQU95",6,1,-0.96408817153988,-0.48645247025664,-0.461688882620133,0.987929388573878,0,2,-0.899206777614341,-1.02574869299914,-0.68133627833499,-0.522803288913533,-0.714201117294439,-1.46654022730351,0.664534674295753
"SRL91",16,1,0.0370407258023021,-0.247865902818905,0.281531878964202,-0.0865192089827073,4,9,0.970685546512312,0.795581980745344,0.138109681911307,-0.46190856470178,-1.99849038039623,0.926401287484926,-0.469213318565982
"SSK06",9,1,-0.589785938974157,-0.355069189639937,1.07618660328794,-1.1582338406422,2,5,0.146471713777609,-0.580176130786258,-0.442613371418581,0.537617894361594,0.27825759333429,-0.0314912447466192,1.04624128947731
"STA97",12,1,-0.109300241717092,-0.68153320459258,0.15397565137049,0.218591385132599,2,7,0.217249078915492,0.0758556140016314,-0.531048381694603,0.568084673558617,0.852511338192778,0.400484696813279,0.201834543986526
"STI02",15,1,-0.493167840199154,0.499781373082721,-0.857730395713516,1.22976109928925,4,10,-0.328421574889477,-0.0454748571402528,0.626873592392682,-1.36471137479912,0.420732225462863,0.0525178297019333,-0.264595459608298
"STI96",17,1,1.41585881411299,2.03488388522709,1.02406685437868,1.32858153935136,4,10,1.8451284770868,2.26820761396413,3.16743214075984,-1.23245510721607,0.288718312043336,1.49805563747208,0.306331654331171
"STO96",16,1,1.01068130405328,1.18660076456707,1.29478094493038,1.31327133032765,3,9,1.8702430260067,1.66289384899548,1.87158182396994,-0.591207802588717,-0.015913103802646,1.62203668487691,1.03334741484886
"STO98",18,1,0.616095123895334,1.05023626236868,1.36775287956692,1.24150472552903,4,8,2.40906425737897,1.69839381513695,2.07830447793446,-0.601350280709516,0.125682981613123,2.12126798150244,1.08237735397303
"STR00",8,1,0.159076623350592,-0.81618920675633,-0.461688882620133,-0.0774059893257404,1,2,-0.657193851658999,-0.411053521393916,-0.745882885390909,1.43702725600444,0.70970027526017,-0.676669296038495,-1.0106019377653
"STR96",17,1,-0.00241752066560842,-0.830908621010903,-0.468889637403649,-0.289197214153683,3,5,0.425014892707343,0.914575330850703,-0.543084398316902,1.46371865531313,0.684671826491089,0.816944922892726,-1.06677683146536
"SUL90",19,1,0.516244431403543,-0.751009342395083,0.110135761953203,-0.465414718014788,1,10,1.29032526003824,1.78388485608046,-0.379080141186006,1.09526012737976,0.845832674394249,1.46418305419269,-0.510281580056802
"SUL94",12,1,0.214762641534911,-0.783408137683046,-0.193297113416351,-0.356933290440388,1,9,0.135056009723112,0.450011710535496,-0.591503867783384,1.10986768322065,0.851534932083461,0.126187151814966,-0.627634759479689
"SUL96",3,1,-1.42588057760953,-1.030398632788,-0.965741717466257,-0.217749572043053,0,0,-1.29419013789995,-1.33399136545302,-0.887626559969319,1.21225048753983,1.35176941563387,-1.54187002995206,-1.61342078219662
"SUN93",16,1,0.493341215013591,0.107301960107219,0.615852636770305,0.0173714951067367,5,7,1.26749385192924,1.20205110150879,0.567310032212147,-0.5127732879187,-1.45715014236912,0.989903460810648,0.113387357850856
"SUR87",20,1,-0.274302098550201,-0.608179918588979,-0.120853156200371,0.00169675729675111,7,10,0.756070310287764,0.655083063455089,-0.254703947790661,-0.626274235271655,-2.57929830380386,0.59068040257536,-1.1943647713868
"SUR89",4,1,-2.1840621966189,-1.07931921375846,-2.16586751471893,0.0884546084310886,1,2,-1.34441923573973,-1.35157562532586,-0.887973186492192,NA,NA,NA,NA
"SWI88",15,1,0.466090319709444,-0.838944531763177,-0.131654288375645,-0.32619688596098,2,5,0.319990415405968,0.809870795406933,-0.621548644709064,1.22747489756841,0.826025700227486,0.296460245638483,-0.659096435656318
"SYC91",17,1,1.01298440329702,1.20577238335318,0.997664086839121,1.44085640552521,7,9,1.82001392816691,1.88369593937152,2.09393085490421,-0.930378030643686,-0.102953777611745,1.37060876360657,0.490267342728761
"TER80",17,1,-0.400025599423713,-0.920001523577446,-0.503693285523978,-0.396368677319632,5,11,-0.673175837335295,-0.624501013888645,-0.799647743479715,1.03174530561261,1.07124876201243,-0.792072178994488,-0.686127240055583
"TER83",10,1,-1.0486906057531,-1.015865107524,-1.52380021318875,-0.523953752517194,2,4,-1.27592501141275,-1.22242135078315,-0.878956834569557,1.22202087012716,0.465846083453623,-1.51235914601024,-0.721018615489669
"TER84",9,1,0.887850612054391,-0.878911280082521,-0.533696430455293,-0.523953752517194,1,4,-1.15035226681328,-0.975984682486233,-0.855313836890075,0.82638361698865,1.01593055399193,-1.49255977584253,-0.122290333682271
"TER85",17,1,0.133455019934709,-0.865922356987249,-0.104924213800474,-0.31517817492119,3,7,0.196700811617397,0.393103814362037,-0.66985041293576,0.932328299150715,0.905948988173286,0.2656687118416,-0.205845813310358
"THO81",14,1,0.596458124200582,0.417964789072931,-0.515694543496503,0.241556698668159,4,5,-0.912905622479738,-0.62857064555145,-0.369068478842497,-0.826785910589041,-1.61734869231691,-1.30815638397312,-0.334353326264283
"THO82",18,1,0.860812946353909,0.239570194964789,0.410402530050145,0.335119087146367,8,9,0.203550234050096,0.484051547863266,0.14824301478122,-0.677388547787267,-1.76611246308378,-0.0223008473631858,0.184859137413766
"THO86",14,1,-1.33136232023191,-0.97227396030469,-1.2697735861036,0.335119087146367,5,10,-0.755368906527675,-0.771302915153951,-0.793186158012659,-0.801196513290294,-3.93375050652207,-0.93193054528365,-3.25351429002118
"THS96",11,1,0.82714089216804,0.744303269628346,1.23448891083031,-0.813146589631662,1,5,0.673877241095383,0.464769164677261,0.540348252815362,-0.537484516192191,-0.311450581232002,0.221111148278058,1.10494930118604
"THS98",8,1,0.544958954806395,0.927586400107136,1.54852182777809,-0.791882410432067,1,2,0.107658319992318,-0.263735888424119,0.157226214883657,-0.422182385238599,-0.155648476084673,-0.227832661412311,1.25151704872795
"THU91",16,1,1.07183294589542,1.09923846331933,1.23306018964313,-0.463806502781201,6,7,1.81544764654511,1.71736728192073,1.76600940536849,-0.691879108510542,-0.345022980351148,1.5348293895138,0.844981126745655
"THU94",13,1,1.31671333115388,1.2370460035275,1.19148440309543,-0.441023453638783,6,6,1.32685551301263,1.45935255904651,1.52878071776798,-0.739170092317885,-0.245897470805449,0.842145310416263,0.841029709196953
"THU96",14,1,1.3564905176907,1.43497604801304,1.31449729731382,-0.370851662280123,1,6,1.4204642862595,1.4897238950167,1.73379840890792,-0.615803516179058,-0.106507641970996,1.11056184103289,0.937120664452222
"TIK01",6,1,-1.54234723093096,-0.857870243022087,-1.22496888967284,-0.707676260801679,0,2,-1.02021324059201,-1.11676292254551,-0.788522614210005,-0.22333605538367,-2.82914226803545,-1.17553952706716,-0.927045189527613
"TIN00",16,1,-0.0490852028999676,0.365054269801552,0.765011128714569,-0.458338570987017,5,7,1.39991601896141,0.718861636712724,0.878789175342469,-0.407719717142044,-0.638213702109439,1.54349759405095,0.863704302443092
"TIN98",20,1,0.746118993056699,1.13644378156953,1.10247507313252,-0.570734946756298,7,11,2.58029981819643,2.23430521496478,2.58375771588754,-0.681175114799396,-0.245775025310797,2.2559688794351,0.898154685669964
"TIT84",16,1,1.82094901113942,1.71312706230753,0.898453687599569,-1.00027136658808,3,8,0.482093412979829,1.03387578518781,1.2929854444534,-0.965774864064489,0.126387364207066,0.0222858867767882,0.353395677319475
"TNG99",16,1,0.913297751265891,1.29392092999648,1.28449415238251,-0.868433455550603,1,5,1.8611104627631,1.57614529620137,2.00127219690278,-0.620222161888291,-0.0897481704640234,1.41977678169237,1.1133310337052
"TOS96",7,1,-1.18990014000954,-0.616054390937388,-0.720916054826711,-1.45787650296332,0,3,-0.86039338382905,-1.00463532355751,-0.684158031333642,0.13760782006993,-0.917176837742627,-0.854625298415316,0.200125901090597
"TRK87",21,1,0.301920261575086,0.789586640265734,-0.340176145648299,0.892240582175709,4,13,0.676160381906283,1.37854849247244,1.71832689859029,-1.47684080158025,0.466120522170825,1.04348608384733,-0.610073414780627
"TRT98",17,1,0.117196962305435,0.211065094782285,0.34239540153916,-0.105474705869198,1,9,1.19671648679136,1.02873786864897,0.806022592966706,-0.687296539838717,-1.03717037743751,1.36034127237136,0.468089734719536
"TUI12",5,1,-1.53687274265201,-0.968719649179949,-1.50579832622996,0.318107743786695,0,2,-1.27364187060185,-1.2845455019415,-0.870817887429122,-0.925180622162829,-3.57568727221595,-1.4224470561795,-2.06241480541985
"TUR83",17,1,0.44291483341049,-0.208906287620073,0.37839917545674,0.539255207462464,6,10,0.1852851075629,0.24474118378501,-0.200158916425429,-0.58349441613255,-1.8988055248469,-0.278071325743069,-0.0189763482006023
"TWE93",7,1,-1.48876194943221,-1.06657272808611,-1.51299908101348,-1.32008462174996,0,2,-1.11153887302799,-1.09971528870111,-0.878595897707309,2.54820485409324,-0.052550633814186,-1.12808653473882,-2.71832620571248
"UKL06",5,1,-0.823610905321364,0.54964521394768,-0.641707752208034,-0.677055842754264,0,1,-1.16405111167868,-1.19377858761054,-0.608695261094538,-1.33822997175791,0.524763942714841,-1.26753785218905,0.279794081926435
"UMB80",15,1,1.63052689069614,1.71349351964138,0.738436914632543,-0.626021812675238,4,8,-0.791899159502067,-0.62343107284584,-0.164768152263965,-0.761917771484682,-0.110646042414351,-1.02077050501947,0.633014379079835
"UMB82",1,1,-2.32736764802291,-1.00537325285357,-2.11786248282883,-0.600504797635729,0,0,-1.36725064384873,-1.39135122645224,-0.885466434141618,NA,NA,NA,NA
"UMB84",13,1,2.06950908266341,2.08750913783837,0.582420560989696,-0.587746290115971,3,3,-0.259927350562494,0.318288987740542,0.757955331598778,-0.561341255869315,0.0234685105128297,-0.580721656321201,0.592110746581219
"UPT78",15,1,-1.43285158847179,-0.725870719148664,-1.03774926530142,-0.294300617161588,6,12,-1.29875641952175,-1.33443491725449,-0.861340501047056,NA,NA,NA,NA
"UPT79",15,1,-0.170219095355905,0.0488442374111423,0.582420560989696,-0.294300617161588,5,9,-1.00879753653751,-1.1106304990185,-0.695150941431002,-1.0875781744143,-0.391924452076072,-1.31197827153855,-0.39213981532748
"VIO89",18,1,1.46524476506796,1.61831614540256,1.31209704571934,-0.850571545022945,6,9,2.11910537439474,2.31534258752718,2.62807645297008,-1.01082147389976,0.0768841850340929,1.40172387055014,0.557475449280971
"VIO96",12,1,1.76372640131148,1.66899805749266,1.72013981678523,-0.738296678849093,2,5,1.21041533165675,1.26762587247802,1.49786918173672,-0.540183882452083,-0.0789943219279313,0.671005496554915,1.01988305891654
"VIO97",15,1,0.973302490435312,1.29045332728287,1.19448471758856,-0.712387094347438,1,6,1.55516959410257,1.41337145274132,1.79059114530406,-0.531086256021552,-0.111741665155402,1.16837890009438,1.08281851636123
"WAG95",13,1,-0.463937275636458,-0.766777637252174,0.268205806799905,-0.461321079238393,1,5,0.456978864059935,-0.0250161362911133,-0.575713349932026,1.16131021535655,0.485050160206912,0.49219576122637,-0.121005908056306
"WAG96",16,1,-0.574990328241275,-0.825289636982261,-0.127368124814029,-0.677055842754264,3,7,0.607666157579299,0.250389217864426,-0.559674365702479,1.27940325696945,0.223728651184636,0.861047500686252,-0.186349090455003
"WAL03",13,1,-0.372777655402809,-0.433654586295042,0.366397917484214,2.05094503783354,1,9,0.525473088386919,0.0387872575528143,-0.259415863593439,0.279280858059501,0.76109090404178,0.784248432621385,0.681867170781427
"WAL06",12,1,-0.508819607125559,-0.368453777259037,-0.0224428408256529,1.24437538972097,1,8,0.105375179181419,-0.178350752550255,-0.26080634785646,0.336617634239492,0.730432835271159,0.54784138664864,0.647437696867738
"WAS10",8,1,-0.415832520979044,-0.00360278914204168,0.37839917545674,0.39465878890523,0,3,-0.337554138133075,-0.630535595102263,-0.325040785284372,-0.0485829369359872,0.624435883295965,-0.29931711565142,0.891238210731412
"WHA87",14,1,1.75990738908818,1.51024076238505,0.870450752330339,0.432934311464497,5,7,0.671594100284484,1.26519590961474,1.36083400608841,-0.678024276340304,-0.0418392940859292,0.31313429352202,0.611069025743048
"WHA89",13,1,1.73727486391341,1.54535387238906,1.23376156186228,0.506005763623103,3,7,1.13050540327527,1.5156309694532,1.61963573348483,-0.526218527580419,0.0474508590354907,0.624616268057373,0.879603126588205
"WHE84",12,1,-0.26718631179582,-0.959987928072003,-0.632706808728639,-0.523953752517194,3,6,-0.942586453021431,-0.84837867797855,-0.844833683839268,1.5073697058312,0.578991341329444,-1.14342968445976,-0.603380501701851
"WHZ02",13,1,0.655173901839793,1.03709651333845,1.24685384328684,1.36198563176672,1,3,1.13963796651887,0.758259298914109,1.13704972024168,-0.716840049318023,-0.372282530026711,0.876266451413268,0.934831095758045
"WID75",8,1,-1.9425203102544,-1.08877524444262,-2.26187757849915,-1.36601524882108,0,0,-1.37638320709233,-1.36686414225013,-0.892665477536176,NA,NA,NA,NA
"WID85",11,1,-2.12888908354518,-1.02072524296181,-1.94984487121345,-1.39153226386059,0,2,-1.30332270114354,-1.34104395315661,-0.872800148161057,NA,NA,NA,NA
"WRE07",11,1,-0.888805847317068,-0.806024566445301,-0.789723267202531,-1.31498121874206,0,4,-0.481392009219741,-0.517871881659961,-0.664034213302636,1.39784323902313,0.378456327422463,-0.0711037378032053,-0.679960685200664
"YEW99",15,1,0.0584106750214543,-0.71301090465688,-0.248435760185235,2.27899220720764,3,6,0.365653231623957,0.656605329200264,-0.45754866185077,1.17202016941359,0.727728289635785,0.688589210913492,-0.587510474123143
"YOS01",13,1,0.333447104339624,1.14140558295875,1.05046962191824,2.36410840422755,3,4,1.0026495178649,0.53307997589329,1.23609028926991,-0.972585694585491,0.0843234669942391,0.817678610171007,0.773769050833246
"YOS10",5,1,-0.496760305000548,0.357754375689559,0.41440294937432,1.23672028520912,0,0,-0.853543961396352,-1.02949645699376,-0.51583980210303,-0.945059506521872,0.0397341250595789,-1.02165927739272,0.624055623465501
"ZUC01",16,1,0.874306853887381,1.22013801929849,1.04018282937036,-0.507549957134652,0,6,1.64421208572765,1.54141249150374,1.91210970664565,-0.650627127599593,-0.298666218261952,1.62392870382773,1.03743414389258
"ZUC03",15,1,0.782809576934951,1.1334458729817,0.97846207408308,-0.624058965364509,1,5,1.37708461085242,1.25580245793453,1.61440895926485,-0.730191978605868,-0.483251865868182,1.0203705197071,0.709840308251021
